Country Name,Country Code,Series Name,Series Code,2019 [YR2019]
Afghanistan,AFG,CO2 emissions (metric tons per capita),EN.ATM.CO2E.PC,0.297563651
Afghanistan,AFG,"Air transport, passengers carried",IS.AIR.PSGR,1066747.356
Afghanistan,AFG,"Air transport, freight (million ton-km)",IS.AIR.GOOD.MT.K1,20.01420595
Afghanistan,AFG,"PM2.5 air pollution, mean annual exposure (micrograms per cubic meter)",EN.ATM.PM25.MC.M3,52.41704109
Afghanistan,AFG,Population growth (annual %),SP.POP.GROW,2.908529093
Albania,ALB,CO2 emissions (metric tons per capita),EN.ATM.CO2E.PC,1.749462457
Albania,ALB,"Air transport, passengers carried",IS.AIR.PSGR,307741
Albania,ALB,"Air transport, freight (million ton-km)",IS.AIR.GOOD.MT.K1,0
Albania,ALB,"PM2.5 air pollution, mean annual exposure (micrograms per cubic meter)",EN.ATM.PM25.MC.M3,18.63878032
Albania,ALB,Population growth (annual %),SP.POP.GROW,-0.426007367
Algeria,DZA,CO2 emissions (metric tons per capita),EN.ATM.CO2E.PC,3.994401828
Algeria,DZA,"Air transport, passengers carried",IS.AIR.PSGR,6752002
Algeria,DZA,"Air transport, freight (million ton-km)",IS.AIR.GOOD.MT.K1,25.641745
Algeria,DZA,"PM2.5 air pollution, mean annual exposure (micrograms per cubic meter)",EN.ATM.PM25.MC.M3,32.83308539
Algeria,DZA,Population growth (annual %),SP.POP.GROW,1.839444886
American Samoa,ASM,CO2 emissions (metric tons per capita),EN.ATM.CO2E.PC,..
American Samoa,ASM,"Air transport, passengers carried",IS.AIR.PSGR,..
American Samoa,ASM,"Air transport, freight (million ton-km)",IS.AIR.GOOD.MT.K1,..
American Samoa,ASM,"PM2.5 air pollution, mean annual exposure (micrograms per cubic meter)",EN.ATM.PM25.MC.M3,6.300155035
American Samoa,ASM,Population growth (annual %),SP.POP.GROW,-2.304138699
Andorra,AND,CO2 emissions (metric tons per capita),EN.ATM.CO2E.PC,6.287203804
Andorra,AND,"Air transport, passengers carried",IS.AIR.PSGR,..
Andorra,AND,"Air transport, freight (million ton-km)",IS.AIR.GOOD.MT.K1,..
Andorra,AND,"PM2.5 air pollution, mean annual exposure (micrograms per cubic meter)",EN.ATM.PM25.MC.M3,9.066401367
Andorra,AND,Population growth (annual %),SP.POP.GROW,1.757491257
Angola,AGO,CO2 emissions (metric tons per capita),EN.ATM.CO2E.PC,0.753638205
Angola,AGO,"Air transport, passengers carried",IS.AIR.PSGR,1436959
Angola,AGO,"Air transport, freight (million ton-km)",IS.AIR.GOOD.MT.K1,68.04358
Angola,AGO,"PM2.5 air pollution, mean annual exposure (micrograms per cubic meter)",EN.ATM.PM25.MC.M3,28.4208104
Angola,AGO,Population growth (annual %),SP.POP.GROW,3.395277792
Antigua and Barbuda,ATG,CO2 emissions (metric tons per capita),EN.ATM.CO2E.PC,5.525581597
Antigua and Barbuda,ATG,"Air transport, passengers carried",IS.AIR.PSGR,526333.9951
Antigua and Barbuda,ATG,"Air transport, freight (million ton-km)",IS.AIR.GOOD.MT.K1,0.180927311
Antigua and Barbuda,ATG,"PM2.5 air pollution, mean annual exposure (micrograms per cubic meter)",EN.ATM.PM25.MC.M3,17.59200058
Antigua and Barbuda,ATG,Population growth (annual %),SP.POP.GROW,0.534443401
Argentina,ARG,CO2 emissions (metric tons per capita),EN.ATM.CO2E.PC,3.742029812
Argentina,ARG,"Air transport, passengers carried",IS.AIR.PSGR,19461377
Argentina,ARG,"Air transport, freight (million ton-km)",IS.AIR.GOOD.MT.K1,280.283172
Argentina,ARG,"PM2.5 air pollution, mean annual exposure (micrograms per cubic meter)",EN.ATM.PM25.MC.M3,13.51118918
Argentina,ARG,Population growth (annual %),SP.POP.GROW,0.993397493
Armenia,ARM,CO2 emissions (metric tons per capita),EN.ATM.CO2E.PC,2.196552367
Armenia,ARM,"Air transport, passengers carried",IS.AIR.PSGR,193668
Armenia,ARM,"Air transport, freight (million ton-km)",IS.AIR.GOOD.MT.K1,0.3265
Armenia,ARM,"PM2.5 air pollution, mean annual exposure (micrograms per cubic meter)",EN.ATM.PM25.MC.M3,33.65637939
Armenia,ARM,Population growth (annual %),SP.POP.GROW,-0.564065543
Aruba,ABW,CO2 emissions (metric tons per capita),EN.ATM.CO2E.PC,..
Aruba,ABW,"Air transport, passengers carried",IS.AIR.PSGR,..
Aruba,ABW,"Air transport, freight (million ton-km)",IS.AIR.GOOD.MT.K1,..
Aruba,ABW,"PM2.5 air pollution, mean annual exposure (micrograms per cubic meter)",EN.ATM.PM25.MC.M3,..
Aruba,ABW,Population growth (annual %),SP.POP.GROW,0.451969659
Australia,AUS,CO2 emissions (metric tons per capita),EN.ATM.CO2E.PC,15.59904536
Australia,AUS,"Air transport, passengers carried",IS.AIR.PSGR,76850596.72
Australia,AUS,"Air transport, freight (million ton-km)",IS.AIR.GOOD.MT.K1,1931.155531
Australia,AUS,"PM2.5 air pollution, mean annual exposure (micrograms per cubic meter)",EN.ATM.PM25.MC.M3,6.745497859
Australia,AUS,Population growth (annual %),SP.POP.GROW,1.477490711
Austria,AUT,CO2 emissions (metric tons per capita),EN.ATM.CO2E.PC,7.263331201
Austria,AUT,"Air transport, passengers carried",IS.AIR.PSGR,46476602
Austria,AUT,"Air transport, freight (million ton-km)",IS.AIR.GOOD.MT.K1,320.036527
Austria,AUT,"PM2.5 air pollution, mean annual exposure (micrograms per cubic meter)",EN.ATM.PM25.MC.M3,12.16821803
Austria,AUT,Population growth (annual %),SP.POP.GROW,0.444673639
Azerbaijan,AZE,CO2 emissions (metric tons per capita),EN.ATM.CO2E.PC,3.54349533
Azerbaijan,AZE,"Air transport, passengers carried",IS.AIR.PSGR,2585280
Azerbaijan,AZE,"Air transport, freight (million ton-km)",IS.AIR.GOOD.MT.K1,1620.43791
Azerbaijan,AZE,"PM2.5 air pollution, mean annual exposure (micrograms per cubic meter)",EN.ATM.PM25.MC.M3,25.4950546
Azerbaijan,AZE,Population growth (annual %),SP.POP.GROW,0.846646726
"Bahamas, The",BHS,CO2 emissions (metric tons per capita),EN.ATM.CO2E.PC,6.482893634
"Bahamas, The",BHS,"Air transport, passengers carried",IS.AIR.PSGR,1856546
"Bahamas, The",BHS,"Air transport, freight (million ton-km)",IS.AIR.GOOD.MT.K1,0
"Bahamas, The",BHS,"PM2.5 air pollution, mean annual exposure (micrograms per cubic meter)",EN.ATM.PM25.MC.M3,15.59065792
"Bahamas, The",BHS,Population growth (annual %),SP.POP.GROW,0.657441085
Bahrain,BHR,CO2 emissions (metric tons per capita),EN.ATM.CO2E.PC,22.06335481
Bahrain,BHR,"Air transport, passengers carried",IS.AIR.PSGR,6440562
Bahrain,BHR,"Air transport, freight (million ton-km)",IS.AIR.GOOD.MT.K1,311.15413
Bahrain,BHR,"PM2.5 air pollution, mean annual exposure (micrograms per cubic meter)",EN.ATM.PM25.MC.M3,59.21710593
Bahrain,BHR,Population growth (annual %),SP.POP.GROW,0.459362585
Bangladesh,BGD,CO2 emissions (metric tons per capita),EN.ATM.CO2E.PC,0.559733656
Bangladesh,BGD,"Air transport, passengers carried",IS.AIR.PSGR,6260241
Bangladesh,BGD,"Air transport, freight (million ton-km)",IS.AIR.GOOD.MT.K1,168.6607136
Bangladesh,BGD,"PM2.5 air pollution, mean annual exposure (micrograms per cubic meter)",EN.ATM.PM25.MC.M3,63.4255285
Bangladesh,BGD,Population growth (annual %),SP.POP.GROW,1.11317249
Barbados,BRB,CO2 emissions (metric tons per capita),EN.ATM.CO2E.PC,4.166143194
Barbados,BRB,"Air transport, passengers carried",IS.AIR.PSGR,..
Barbados,BRB,"Air transport, freight (million ton-km)",IS.AIR.GOOD.MT.K1,..
Barbados,BRB,"PM2.5 air pollution, mean annual exposure (micrograms per cubic meter)",EN.ATM.PM25.MC.M3,21.34389367
Barbados,BRB,Population growth (annual %),SP.POP.GROW,0.175755759
Belarus,BLR,CO2 emissions (metric tons per capita),EN.ATM.CO2E.PC,6.12342695
Belarus,BLR,"Air transport, passengers carried",IS.AIR.PSGR,3208254
Belarus,BLR,"Air transport, freight (million ton-km)",IS.AIR.GOOD.MT.K1,2.8839
Belarus,BLR,"PM2.5 air pollution, mean annual exposure (micrograms per cubic meter)",EN.ATM.PM25.MC.M3,16.42351285
Belarus,BLR,Population growth (annual %),SP.POP.GROW,-0.201786601
Belgium,BEL,CO2 emissions (metric tons per capita),EN.ATM.CO2E.PC,8.093790746
Belgium,BEL,"Air transport, passengers carried",IS.AIR.PSGR,14279187
Belgium,BEL,"Air transport, freight (million ton-km)",IS.AIR.GOOD.MT.K1,1353.426977
Belgium,BEL,"PM2.5 air pollution, mean annual exposure (micrograms per cubic meter)",EN.ATM.PM25.MC.M3,12.6724532
Belgium,BEL,Population growth (annual %),SP.POP.GROW,0.540461327
Belize,BLZ,CO2 emissions (metric tons per capita),EN.ATM.CO2E.PC,1.89208291
Belize,BLZ,"Air transport, passengers carried",IS.AIR.PSGR,1278187.556
Belize,BLZ,"Air transport, freight (million ton-km)",IS.AIR.GOOD.MT.K1,0
Belize,BLZ,"PM2.5 air pollution, mean annual exposure (micrograms per cubic meter)",EN.ATM.PM25.MC.M3,21.17639652
Belize,BLZ,Population growth (annual %),SP.POP.GROW,1.823016119
Benin,BEN,CO2 emissions (metric tons per capita),EN.ATM.CO2E.PC,0.608236773
Benin,BEN,"Air transport, passengers carried",IS.AIR.PSGR,..
Benin,BEN,"Air transport, freight (million ton-km)",IS.AIR.GOOD.MT.K1,..
Benin,BEN,"PM2.5 air pollution, mean annual exposure (micrograms per cubic meter)",EN.ATM.PM25.MC.M3,46.8584555
Benin,BEN,Population growth (annual %),SP.POP.GROW,2.887074085
Bermuda,BMU,CO2 emissions (metric tons per capita),EN.ATM.CO2E.PC,..
Bermuda,BMU,"Air transport, passengers carried",IS.AIR.PSGR,..
Bermuda,BMU,"Air transport, freight (million ton-km)",IS.AIR.GOOD.MT.K1,..
Bermuda,BMU,"PM2.5 air pollution, mean annual exposure (micrograms per cubic meter)",EN.ATM.PM25.MC.M3,7.069562328
Bermuda,BMU,Population growth (annual %),SP.POP.GROW,-0.010952131
Bhutan,BTN,CO2 emissions (metric tons per capita),EN.ATM.CO2E.PC,1.867200723
Bhutan,BTN,"Air transport, passengers carried",IS.AIR.PSGR,276092
Bhutan,BTN,"Air transport, freight (million ton-km)",IS.AIR.GOOD.MT.K1,0.318844
Bhutan,BTN,"PM2.5 air pollution, mean annual exposure (micrograms per cubic meter)",EN.ATM.PM25.MC.M3,40.29859817
Bhutan,BTN,Population growth (annual %),SP.POP.GROW,0.701252584
Bolivia,BOL,CO2 emissions (metric tons per capita),EN.ATM.CO2E.PC,1.853461506
Bolivia,BOL,"Air transport, passengers carried",IS.AIR.PSGR,4066959
Bolivia,BOL,"Air transport, freight (million ton-km)",IS.AIR.GOOD.MT.K1,22.980404
Bolivia,BOL,"PM2.5 air pollution, mean annual exposure (micrograms per cubic meter)",EN.ATM.PM25.MC.M3,26.83286559
Bolivia,BOL,Population growth (annual %),SP.POP.GROW,1.457504391
Bosnia and Herzegovina,BIH,CO2 emissions (metric tons per capita),EN.ATM.CO2E.PC,6.285663956
Bosnia and Herzegovina,BIH,"Air transport, passengers carried",IS.AIR.PSGR,5375
Bosnia and Herzegovina,BIH,"Air transport, freight (million ton-km)",IS.AIR.GOOD.MT.K1,0
Bosnia and Herzegovina,BIH,"PM2.5 air pollution, mean annual exposure (micrograms per cubic meter)",EN.ATM.PM25.MC.M3,29.46633319
Bosnia and Herzegovina,BIH,Population growth (annual %),SP.POP.GROW,-1.166081335
Botswana,BWA,CO2 emissions (metric tons per capita),EN.ATM.CO2E.PC,2.879663256
Botswana,BWA,"Air transport, passengers carried",IS.AIR.PSGR,254439
Botswana,BWA,"Air transport, freight (million ton-km)",IS.AIR.GOOD.MT.K1,0.675495
Botswana,BWA,"PM2.5 air pollution, mean annual exposure (micrograms per cubic meter)",EN.ATM.PM25.MC.M3,24.71873626
Botswana,BWA,Population growth (annual %),SP.POP.GROW,1.950856348
Brazil,BRA,CO2 emissions (metric tons per capita),EN.ATM.CO2E.PC,2.050770129
Brazil,BRA,"Air transport, passengers carried",IS.AIR.PSGR,102917546
Brazil,BRA,"Air transport, freight (million ton-km)",IS.AIR.GOOD.MT.K1,1521.14944
Brazil,BRA,"PM2.5 air pollution, mean annual exposure (micrograms per cubic meter)",EN.ATM.PM25.MC.M3,11.65399121
Brazil,BRA,Population growth (annual %),SP.POP.GROW,0.766107802
British Virgin Islands,VGB,CO2 emissions (metric tons per capita),EN.ATM.CO2E.PC,..
British Virgin Islands,VGB,"Air transport, passengers carried",IS.AIR.PSGR,..
British Virgin Islands,VGB,"Air transport, freight (million ton-km)",IS.AIR.GOOD.MT.K1,..
British Virgin Islands,VGB,"PM2.5 air pollution, mean annual exposure (micrograms per cubic meter)",EN.ATM.PM25.MC.M3,..
British Virgin Islands,VGB,Population growth (annual %),SP.POP.GROW,0.902459156
Brunei Darussalam,BRN,CO2 emissions (metric tons per capita),EN.ATM.CO2E.PC,16.11193294
Brunei Darussalam,BRN,"Air transport, passengers carried",IS.AIR.PSGR,1421313
Brunei Darussalam,BRN,"Air transport, freight (million ton-km)",IS.AIR.GOOD.MT.K1,122.45694
Brunei Darussalam,BRN,"PM2.5 air pollution, mean annual exposure (micrograms per cubic meter)",EN.ATM.PM25.MC.M3,7.680643971
Brunei Darussalam,BRN,Population growth (annual %),SP.POP.GROW,0.865282212
Bulgaria,BGR,CO2 emissions (metric tons per capita),EN.ATM.CO2E.PC,5.613710103
Bulgaria,BGR,"Air transport, passengers carried",IS.AIR.PSGR,832828
Bulgaria,BGR,"Air transport, freight (million ton-km)",IS.AIR.GOOD.MT.K1,1.257
Bulgaria,BGR,"PM2.5 air pollution, mean annual exposure (micrograms per cubic meter)",EN.ATM.PM25.MC.M3,19.36594583
Bulgaria,BGR,Population growth (annual %),SP.POP.GROW,-0.703905641
Burkina Faso,BFA,CO2 emissions (metric tons per capita),EN.ATM.CO2E.PC,0.269501589
Burkina Faso,BFA,"Air transport, passengers carried",IS.AIR.PSGR,185841
Burkina Faso,BFA,"Air transport, freight (million ton-km)",IS.AIR.GOOD.MT.K1,0.04808
Burkina Faso,BFA,"PM2.5 air pollution, mean annual exposure (micrograms per cubic meter)",EN.ATM.PM25.MC.M3,53.67033962
Burkina Faso,BFA,Population growth (annual %),SP.POP.GROW,2.703875567
Burundi,BDI,CO2 emissions (metric tons per capita),EN.ATM.CO2E.PC,0.059571339
Burundi,BDI,"Air transport, passengers carried",IS.AIR.PSGR,..
Burundi,BDI,"Air transport, freight (million ton-km)",IS.AIR.GOOD.MT.K1,..
Burundi,BDI,"PM2.5 air pollution, mean annual exposure (micrograms per cubic meter)",EN.ATM.PM25.MC.M3,33.27977863
Burundi,BDI,Population growth (annual %),SP.POP.GROW,3.26424857
Cabo Verde,CPV,CO2 emissions (metric tons per capita),EN.ATM.CO2E.PC,1.069615098
Cabo Verde,CPV,"Air transport, passengers carried",IS.AIR.PSGR,675482
Cabo Verde,CPV,"Air transport, freight (million ton-km)",IS.AIR.GOOD.MT.K1,0.049965
Cabo Verde,CPV,"PM2.5 air pollution, mean annual exposure (micrograms per cubic meter)",EN.ATM.PM25.MC.M3,51.11721004
Cabo Verde,CPV,Population growth (annual %),SP.POP.GROW,1.01513458
Cambodia,KHM,CO2 emissions (metric tons per capita),EN.ATM.CO2E.PC,1.116330426
Cambodia,KHM,"Air transport, passengers carried",IS.AIR.PSGR,1429503.73
Cambodia,KHM,"Air transport, freight (million ton-km)",IS.AIR.GOOD.MT.K1,0.68860716
Cambodia,KHM,"PM2.5 air pollution, mean annual exposure (micrograms per cubic meter)",EN.ATM.PM25.MC.M3,22.1120864
Cambodia,KHM,Population growth (annual %),SP.POP.GROW,1.132442162
Cameroon,CMR,CO2 emissions (metric tons per capita),EN.ATM.CO2E.PC,0.370691707
Cameroon,CMR,"Air transport, passengers carried",IS.AIR.PSGR,83882
Cameroon,CMR,"Air transport, freight (million ton-km)",IS.AIR.GOOD.MT.K1,0.031566
Cameroon,CMR,"PM2.5 air pollution, mean annual exposure (micrograms per cubic meter)",EN.ATM.PM25.MC.M3,64.47088106
Cameroon,CMR,Population growth (annual %),SP.POP.GROW,2.774879781
Canada,CAN,CO2 emissions (metric tons per capita),EN.ATM.CO2E.PC,15.05274694
Canada,CAN,"Air transport, passengers carried",IS.AIR.PSGR,93352000
Canada,CAN,"Air transport, freight (million ton-km)",IS.AIR.GOOD.MT.K1,3109.043058
Canada,CAN,"PM2.5 air pollution, mean annual exposure (micrograms per cubic meter)",EN.ATM.PM25.MC.M3,7.100156005
Canada,CAN,Population growth (annual %),SP.POP.GROW,1.436136823
Cayman Islands,CYM,CO2 emissions (metric tons per capita),EN.ATM.CO2E.PC,..
Cayman Islands,CYM,"Air transport, passengers carried",IS.AIR.PSGR,..
Cayman Islands,CYM,"Air transport, freight (million ton-km)",IS.AIR.GOOD.MT.K1,..
Cayman Islands,CYM,"PM2.5 air pollution, mean annual exposure (micrograms per cubic meter)",EN.ATM.PM25.MC.M3,..
Cayman Islands,CYM,Population growth (annual %),SP.POP.GROW,1.908192659
Central African Republic,CAF,CO2 emissions (metric tons per capita),EN.ATM.CO2E.PC,0.045188205
Central African Republic,CAF,"Air transport, passengers carried",IS.AIR.PSGR,..
Central African Republic,CAF,"Air transport, freight (million ton-km)",IS.AIR.GOOD.MT.K1,..
Central African Republic,CAF,"PM2.5 air pollution, mean annual exposure (micrograms per cubic meter)",EN.ATM.PM25.MC.M3,46.3767539
Central African Republic,CAF,Population growth (annual %),SP.POP.GROW,2.223361071
Chad,TCD,CO2 emissions (metric tons per capita),EN.ATM.CO2E.PC,0.098196389
Chad,TCD,"Air transport, passengers carried",IS.AIR.PSGR,..
Chad,TCD,"Air transport, freight (million ton-km)",IS.AIR.GOOD.MT.K1,..
Chad,TCD,"PM2.5 air pollution, mean annual exposure (micrograms per cubic meter)",EN.ATM.PM25.MC.M3,59.2825236
Chad,TCD,Population growth (annual %),SP.POP.GROW,3.294582728
Channel Islands,CHI,CO2 emissions (metric tons per capita),EN.ATM.CO2E.PC,..
Channel Islands,CHI,"Air transport, passengers carried",IS.AIR.PSGR,..
Channel Islands,CHI,"Air transport, freight (million ton-km)",IS.AIR.GOOD.MT.K1,..
Channel Islands,CHI,"PM2.5 air pollution, mean annual exposure (micrograms per cubic meter)",EN.ATM.PM25.MC.M3,..
Channel Islands,CHI,Population growth (annual %),SP.POP.GROW,1.277830313
Chile,CHL,CO2 emissions (metric tons per capita),EN.ATM.CO2E.PC,4.827620075
Chile,CHL,"Air transport, passengers carried",IS.AIR.PSGR,21197759
Chile,CHL,"Air transport, freight (million ton-km)",IS.AIR.GOOD.MT.K1,1232.41109
Chile,CHL,"PM2.5 air pollution, mean annual exposure (micrograms per cubic meter)",EN.ATM.PM25.MC.M3,22.76585719
Chile,CHL,Population growth (annual %),SP.POP.GROW,1.791391972
China,CHN,CO2 emissions (metric tons per capita),EN.ATM.CO2E.PC,7.645435786
China,CHN,"Air transport, passengers carried",IS.AIR.PSGR,659629070
China,CHN,"Air transport, freight (million ton-km)",IS.AIR.GOOD.MT.K1,25394.5878
China,CHN,"PM2.5 air pollution, mean annual exposure (micrograms per cubic meter)",EN.ATM.PM25.MC.M3,47.67263439
China,CHN,Population growth (annual %),SP.POP.GROW,0.35474089
Colombia,COL,CO2 emissions (metric tons per capita),EN.ATM.CO2E.PC,1.577820141
Colombia,COL,"Air transport, passengers carried",IS.AIR.PSGR,37031843
Colombia,COL,"Air transport, freight (million ton-km)",IS.AIR.GOOD.MT.K1,1547.674684
Colombia,COL,"PM2.5 air pollution, mean annual exposure (micrograms per cubic meter)",EN.ATM.PM25.MC.M3,22.01072747
Colombia,COL,Population growth (annual %),SP.POP.GROW,1.830746942
Comoros,COM,CO2 emissions (metric tons per capita),EN.ATM.CO2E.PC,0.41239668
Comoros,COM,"Air transport, passengers carried",IS.AIR.PSGR,..
Comoros,COM,"Air transport, freight (million ton-km)",IS.AIR.GOOD.MT.K1,..
Comoros,COM,"PM2.5 air pollution, mean annual exposure (micrograms per cubic meter)",EN.ATM.PM25.MC.M3,17.15567571
Comoros,COM,Population growth (annual %),SP.POP.GROW,1.872447912
"Congo, Dem. Rep.",COD,CO2 emissions (metric tons per capita),EN.ATM.CO2E.PC,0.03371488
"Congo, Dem. Rep.",COD,"Air transport, passengers carried",IS.AIR.PSGR,550457.8926
"Congo, Dem. Rep.",COD,"Air transport, freight (million ton-km)",IS.AIR.GOOD.MT.K1,0.7512
"Congo, Dem. Rep.",COD,"PM2.5 air pollution, mean annual exposure (micrograms per cubic meter)",EN.ATM.PM25.MC.M3,35.86088793
"Congo, Dem. Rep.",COD,Population growth (annual %),SP.POP.GROW,3.186288389
"Congo, Rep.",COG,CO2 emissions (metric tons per capita),EN.ATM.CO2E.PC,1.257662142
"Congo, Rep.",COG,"Air transport, passengers carried",IS.AIR.PSGR,541787.1369
"Congo, Rep.",COG,"Air transport, freight (million ton-km)",IS.AIR.GOOD.MT.K1,4.151108743
"Congo, Rep.",COG,"PM2.5 air pollution, mean annual exposure (micrograms per cubic meter)",EN.ATM.PM25.MC.M3,39.30341272
"Congo, Rep.",COG,Population growth (annual %),SP.POP.GROW,2.355238072
Costa Rica,CRI,CO2 emissions (metric tons per capita),EN.ATM.CO2E.PC,1.564824452
Costa Rica,CRI,"Air transport, passengers carried",IS.AIR.PSGR,2033146
Costa Rica,CRI,"Air transport, freight (million ton-km)",IS.AIR.GOOD.MT.K1,10.8
Costa Rica,CRI,"PM2.5 air pollution, mean annual exposure (micrograms per cubic meter)",EN.ATM.PM25.MC.M3,17.42174135
Costa Rica,CRI,Population growth (annual %),SP.POP.GROW,0.865128347
Cote d'Ivoire,CIV,CO2 emissions (metric tons per capita),EN.ATM.CO2E.PC,0.414528305
Cote d'Ivoire,CIV,"Air transport, passengers carried",IS.AIR.PSGR,748540
Cote d'Ivoire,CIV,"Air transport, freight (million ton-km)",IS.AIR.GOOD.MT.K1,9.166862
Cote d'Ivoire,CIV,"PM2.5 air pollution, mean annual exposure (micrograms per cubic meter)",EN.ATM.PM25.MC.M3,55.62337378
Cote d'Ivoire,CIV,Population growth (annual %),SP.POP.GROW,2.531287446
Croatia,HRV,CO2 emissions (metric tons per capita),EN.ATM.CO2E.PC,4.064519478
Croatia,HRV,"Air transport, passengers carried",IS.AIR.PSGR,2108591
Croatia,HRV,"Air transport, freight (million ton-km)",IS.AIR.GOOD.MT.K1,0.4406
Croatia,HRV,"PM2.5 air pollution, mean annual exposure (micrograms per cubic meter)",EN.ATM.PM25.MC.M3,18.46495986
Croatia,HRV,Population growth (annual %),SP.POP.GROW,-0.554146739
Cuba,CUB,CO2 emissions (metric tons per capita),EN.ATM.CO2E.PC,2.157740903
Cuba,CUB,"Air transport, passengers carried",IS.AIR.PSGR,457130
Cuba,CUB,"Air transport, freight (million ton-km)",IS.AIR.GOOD.MT.K1,13.708525
Cuba,CUB,"PM2.5 air pollution, mean annual exposure (micrograms per cubic meter)",EN.ATM.PM25.MC.M3,17.72659724
Cuba,CUB,Population growth (annual %),SP.POP.GROW,-0.101983052
Curacao,CUW,CO2 emissions (metric tons per capita),EN.ATM.CO2E.PC,..
Curacao,CUW,"Air transport, passengers carried",IS.AIR.PSGR,..
Curacao,CUW,"Air transport, freight (million ton-km)",IS.AIR.GOOD.MT.K1,..
Curacao,CUW,"PM2.5 air pollution, mean annual exposure (micrograms per cubic meter)",EN.ATM.PM25.MC.M3,..
Curacao,CUW,Population growth (annual %),SP.POP.GROW,-1.196439518
Cyprus,CYP,CO2 emissions (metric tons per capita),EN.ATM.CO2E.PC,5.851879339
Cyprus,CYP,"Air transport, passengers carried",IS.AIR.PSGR,395436
Cyprus,CYP,"Air transport, freight (million ton-km)",IS.AIR.GOOD.MT.K1,0.14
Cyprus,CYP,"PM2.5 air pollution, mean annual exposure (micrograms per cubic meter)",EN.ATM.PM25.MC.M3,15.57380293
Cyprus,CYP,Population growth (annual %),SP.POP.GROW,0.81751772
Czechia,CZE,CO2 emissions (metric tons per capita),EN.ATM.CO2E.PC,9.156117906
Czechia,CZE,"Air transport, passengers carried",IS.AIR.PSGR,5446163.2
Czechia,CZE,"Air transport, freight (million ton-km)",IS.AIR.GOOD.MT.K1,22.73254
Czechia,CZE,"PM2.5 air pollution, mean annual exposure (micrograms per cubic meter)",EN.ATM.PM25.MC.M3,16.75140093
Czechia,CZE,Population growth (annual %),SP.POP.GROW,0.393788864
Denmark,DNK,CO2 emissions (metric tons per capita),EN.ATM.CO2E.PC,5.107386426
Denmark,DNK,"Air transport, passengers carried",IS.AIR.PSGR,..
Denmark,DNK,"Air transport, freight (million ton-km)",IS.AIR.GOOD.MT.K1,..
Denmark,DNK,"PM2.5 air pollution, mean annual exposure (micrograms per cubic meter)",EN.ATM.PM25.MC.M3,9.785959755
Denmark,DNK,Population growth (annual %),SP.POP.GROW,0.358130916
Djibouti,DJI,CO2 emissions (metric tons per capita),EN.ATM.CO2E.PC,0.398763866
Djibouti,DJI,"Air transport, passengers carried",IS.AIR.PSGR,..
Djibouti,DJI,"Air transport, freight (million ton-km)",IS.AIR.GOOD.MT.K1,..
Djibouti,DJI,"PM2.5 air pollution, mean annual exposure (micrograms per cubic meter)",EN.ATM.PM25.MC.M3,43.16577438
Djibouti,DJI,Population growth (annual %),SP.POP.GROW,1.576239752
Dominica,DMA,CO2 emissions (metric tons per capita),EN.ATM.CO2E.PC,2.437419499
Dominica,DMA,"Air transport, passengers carried",IS.AIR.PSGR,..
Dominica,DMA,"Air transport, freight (million ton-km)",IS.AIR.GOOD.MT.K1,..
Dominica,DMA,"PM2.5 air pollution, mean annual exposure (micrograms per cubic meter)",EN.ATM.PM25.MC.M3,18.60844325
Dominica,DMA,Population growth (annual %),SP.POP.GROW,0.850614263
Dominican Republic,DOM,CO2 emissions (metric tons per capita),EN.ATM.CO2E.PC,2.368634396
Dominican Republic,DOM,"Air transport, passengers carried",IS.AIR.PSGR,113752
Dominican Republic,DOM,"Air transport, freight (million ton-km)",IS.AIR.GOOD.MT.K1,0
Dominican Republic,DOM,"PM2.5 air pollution, mean annual exposure (micrograms per cubic meter)",EN.ATM.PM25.MC.M3,17.72938154
Dominican Republic,DOM,Population growth (annual %),SP.POP.GROW,1.074974829
Ecuador,ECU,CO2 emissions (metric tons per capita),EN.ATM.CO2E.PC,2.285055011
Ecuador,ECU,"Air transport, passengers carried",IS.AIR.PSGR,4827978
Ecuador,ECU,"Air transport, freight (million ton-km)",IS.AIR.GOOD.MT.K1,50.80511
Ecuador,ECU,"PM2.5 air pollution, mean annual exposure (micrograms per cubic meter)",EN.ATM.PM25.MC.M3,19.97447395
Ecuador,ECU,Population growth (annual %),SP.POP.GROW,1.909683263
"Egypt, Arab Rep.",EGY,CO2 emissions (metric tons per capita),EN.ATM.CO2E.PC,2.063160783
"Egypt, Arab Rep.",EGY,"Air transport, passengers carried",IS.AIR.PSGR,13206889.61
"Egypt, Arab Rep.",EGY,"Air transport, freight (million ton-km)",IS.AIR.GOOD.MT.K1,483.4138791
"Egypt, Arab Rep.",EGY,"PM2.5 air pollution, mean annual exposure (micrograms per cubic meter)",EN.ATM.PM25.MC.M3,67.88817813
"Egypt, Arab Rep.",EGY,Population growth (annual %),SP.POP.GROW,1.794002125
El Salvador,SLV,CO2 emissions (metric tons per capita),EN.ATM.CO2E.PC,1.25994054
El Salvador,SLV,"Air transport, passengers carried",IS.AIR.PSGR,2609917
El Salvador,SLV,"Air transport, freight (million ton-km)",IS.AIR.GOOD.MT.K1,13.107
El Salvador,SLV,"PM2.5 air pollution, mean annual exposure (micrograms per cubic meter)",EN.ATM.PM25.MC.M3,22.32472418
El Salvador,SLV,Population growth (annual %),SP.POP.GROW,0.061720733
Equatorial Guinea,GNQ,CO2 emissions (metric tons per capita),EN.ATM.CO2E.PC,3.139988835
Equatorial Guinea,GNQ,"Air transport, passengers carried",IS.AIR.PSGR,425475
Equatorial Guinea,GNQ,"Air transport, freight (million ton-km)",IS.AIR.GOOD.MT.K1,0.288954
Equatorial Guinea,GNQ,"PM2.5 air pollution, mean annual exposure (micrograms per cubic meter)",EN.ATM.PM25.MC.M3,45.28465901
Equatorial Guinea,GNQ,Population growth (annual %),SP.POP.GROW,3.335036794
Eritrea,ERI,CO2 emissions (metric tons per capita),EN.ATM.CO2E.PC,0.199267295
Eritrea,ERI,"Air transport, passengers carried",IS.AIR.PSGR,101357.3759
Eritrea,ERI,"Air transport, freight (million ton-km)",IS.AIR.GOOD.MT.K1,0
Eritrea,ERI,"PM2.5 air pollution, mean annual exposure (micrograms per cubic meter)",EN.ATM.PM25.MC.M3,44.07053957
Eritrea,ERI,Population growth (annual %),SP.POP.GROW,1.539273546
Estonia,EST,CO2 emissions (metric tons per capita),EN.ATM.CO2E.PC,7.582120103
Estonia,EST,"Air transport, passengers carried",IS.AIR.PSGR,857
Estonia,EST,"Air transport, freight (million ton-km)",IS.AIR.GOOD.MT.K1,0
Estonia,EST,"PM2.5 air pollution, mean annual exposure (micrograms per cubic meter)",EN.ATM.PM25.MC.M3,5.893562381
Estonia,EST,Population growth (annual %),SP.POP.GROW,0.371554389
Eswatini,SWZ,CO2 emissions (metric tons per capita),EN.ATM.CO2E.PC,0.999903387
Eswatini,SWZ,"Air transport, passengers carried",IS.AIR.PSGR,52744
Eswatini,SWZ,"Air transport, freight (million ton-km)",IS.AIR.GOOD.MT.K1,0.043615
Eswatini,SWZ,"PM2.5 air pollution, mean annual exposure (micrograms per cubic meter)",EN.ATM.PM25.MC.M3,23.34521196
Eswatini,SWZ,Population growth (annual %),SP.POP.GROW,0.788402228
Ethiopia,ETH,CO2 emissions (metric tons per capita),EN.ATM.CO2E.PC,0.155169189
Ethiopia,ETH,"Air transport, passengers carried",IS.AIR.PSGR,12631216
Ethiopia,ETH,"Air transport, freight (million ton-km)",IS.AIR.GOOD.MT.K1,2450.27296
Ethiopia,ETH,"PM2.5 air pollution, mean annual exposure (micrograms per cubic meter)",EN.ATM.PM25.MC.M3,33.7807199
Ethiopia,ETH,Population growth (annual %),SP.POP.GROW,2.656010133
Faroe Islands,FRO,CO2 emissions (metric tons per capita),EN.ATM.CO2E.PC,..
Faroe Islands,FRO,"Air transport, passengers carried",IS.AIR.PSGR,..
Faroe Islands,FRO,"Air transport, freight (million ton-km)",IS.AIR.GOOD.MT.K1,..
Faroe Islands,FRO,"PM2.5 air pollution, mean annual exposure (micrograms per cubic meter)",EN.ATM.PM25.MC.M3,..
Faroe Islands,FRO,Population growth (annual %),SP.POP.GROW,1.414731885
Fiji,FJI,CO2 emissions (metric tons per capita),EN.ATM.CO2E.PC,1.517205337
Fiji,FJI,"Air transport, passengers carried",IS.AIR.PSGR,1700293
Fiji,FJI,"Air transport, freight (million ton-km)",IS.AIR.GOOD.MT.K1,108.9135
Fiji,FJI,"PM2.5 air pollution, mean annual exposure (micrograms per cubic meter)",EN.ATM.PM25.MC.M3,10.9932094
Fiji,FJI,Population growth (annual %),SP.POP.GROW,-0.057797147
Finland,FIN,CO2 emissions (metric tons per capita),EN.ATM.CO2E.PC,7.423039601
Finland,FIN,"Air transport, passengers carried",IS.AIR.PSGR,14610547
Finland,FIN,"Air transport, freight (million ton-km)",IS.AIR.GOOD.MT.K1,1067.31511
Finland,FIN,"PM2.5 air pollution, mean annual exposure (micrograms per cubic meter)",EN.ATM.PM25.MC.M3,5.565330197
Finland,FIN,Population growth (annual %),SP.POP.GROW,0.11019169
France,FRA,CO2 emissions (metric tons per capita),EN.ATM.CO2E.PC,4.460164948
France,FRA,"Air transport, passengers carried",IS.AIR.PSGR,71289277
France,FRA,"Air transport, freight (million ton-km)",IS.AIR.GOOD.MT.K1,4522.586
France,FRA,"PM2.5 air pollution, mean annual exposure (micrograms per cubic meter)",EN.ATM.PM25.MC.M3,11.40575038
France,FRA,Population growth (annual %),SP.POP.GROW,0.341374143
French Polynesia,PYF,CO2 emissions (metric tons per capita),EN.ATM.CO2E.PC,..
French Polynesia,PYF,"Air transport, passengers carried",IS.AIR.PSGR,..
French Polynesia,PYF,"Air transport, freight (million ton-km)",IS.AIR.GOOD.MT.K1,..
French Polynesia,PYF,"PM2.5 air pollution, mean annual exposure (micrograms per cubic meter)",EN.ATM.PM25.MC.M3,..
French Polynesia,PYF,Population growth (annual %),SP.POP.GROW,0.706823206
Gabon,GAB,CO2 emissions (metric tons per capita),EN.ATM.CO2E.PC,2.351763544
Gabon,GAB,"Air transport, passengers carried",IS.AIR.PSGR,..
Gabon,GAB,"Air transport, freight (million ton-km)",IS.AIR.GOOD.MT.K1,..
Gabon,GAB,"PM2.5 air pollution, mean annual exposure (micrograms per cubic meter)",EN.ATM.PM25.MC.M3,36.74675483
Gabon,GAB,Population growth (annual %),SP.POP.GROW,2.289855365
"Gambia, The",GMB,CO2 emissions (metric tons per capita),EN.ATM.CO2E.PC,0.241900479
"Gambia, The",GMB,"Air transport, passengers carried",IS.AIR.PSGR,109542.1451
"Gambia, The",GMB,"Air transport, freight (million ton-km)",IS.AIR.GOOD.MT.K1,0
"Gambia, The",GMB,"PM2.5 air pollution, mean annual exposure (micrograms per cubic meter)",EN.ATM.PM25.MC.M3,58.08072376
"Gambia, The",GMB,Population growth (annual %),SP.POP.GROW,2.582686766
Georgia,GEO,CO2 emissions (metric tons per capita),EN.ATM.CO2E.PC,2.835791247
Georgia,GEO,"Air transport, passengers carried",IS.AIR.PSGR,509913
Georgia,GEO,"Air transport, freight (million ton-km)",IS.AIR.GOOD.MT.K1,0.640604
Georgia,GEO,"PM2.5 air pollution, mean annual exposure (micrograms per cubic meter)",EN.ATM.PM25.MC.M3,17.85586499
Georgia,GEO,Population growth (annual %),SP.POP.GROW,-0.17156574
Germany,DEU,CO2 emissions (metric tons per capita),EN.ATM.CO2E.PC,7.927187624
Germany,DEU,"Air transport, passengers carried",IS.AIR.PSGR,109633750.7
Germany,DEU,"Air transport, freight (million ton-km)",IS.AIR.GOOD.MT.K1,7763.619214
Germany,DEU,"PM2.5 air pollution, mean annual exposure (micrograms per cubic meter)",EN.ATM.PM25.MC.M3,11.80580716
Germany,DEU,Population growth (annual %),SP.POP.GROW,0.225519874
Ghana,GHA,CO2 emissions (metric tons per capita),EN.ATM.CO2E.PC,0.572264896
Ghana,GHA,"Air transport, passengers carried",IS.AIR.PSGR,597343
Ghana,GHA,"Air transport, freight (million ton-km)",IS.AIR.GOOD.MT.K1,0
Ghana,GHA,"PM2.5 air pollution, mean annual exposure (micrograms per cubic meter)",EN.ATM.PM25.MC.M3,53.98926008
Ghana,GHA,Population growth (annual %),SP.POP.GROW,2.088931184
Gibraltar,GIB,CO2 emissions (metric tons per capita),EN.ATM.CO2E.PC,..
Gibraltar,GIB,"Air transport, passengers carried",IS.AIR.PSGR,..
Gibraltar,GIB,"Air transport, freight (million ton-km)",IS.AIR.GOOD.MT.K1,..
Gibraltar,GIB,"PM2.5 air pollution, mean annual exposure (micrograms per cubic meter)",EN.ATM.PM25.MC.M3,..
Gibraltar,GIB,Population growth (annual %),SP.POP.GROW,0.113265896
Greece,GRC,CO2 emissions (metric tons per capita),EN.ATM.CO2E.PC,5.595284353
Greece,GRC,"Air transport, passengers carried",IS.AIR.PSGR,16124738.33
Greece,GRC,"Air transport, freight (million ton-km)",IS.AIR.GOOD.MT.K1,23.90576
Greece,GRC,"PM2.5 air pollution, mean annual exposure (micrograms per cubic meter)",EN.ATM.PM25.MC.M3,14.2538714
Greece,GRC,Population growth (annual %),SP.POP.GROW,-0.105339393
Greenland,GRL,CO2 emissions (metric tons per capita),EN.ATM.CO2E.PC,..
Greenland,GRL,"Air transport, passengers carried",IS.AIR.PSGR,..
Greenland,GRL,"Air transport, freight (million ton-km)",IS.AIR.GOOD.MT.K1,..
Greenland,GRL,"PM2.5 air pollution, mean annual exposure (micrograms per cubic meter)",EN.ATM.PM25.MC.M3,6.462977097
Greenland,GRL,Population growth (annual %),SP.POP.GROW,0.359917714
Grenada,GRD,CO2 emissions (metric tons per capita),EN.ATM.CO2E.PC,2.820964115
Grenada,GRD,"Air transport, passengers carried",IS.AIR.PSGR,..
Grenada,GRD,"Air transport, freight (million ton-km)",IS.AIR.GOOD.MT.K1,..
Grenada,GRD,"PM2.5 air pollution, mean annual exposure (micrograms per cubic meter)",EN.ATM.PM25.MC.M3,21.48591655
Grenada,GRD,Population growth (annual %),SP.POP.GROW,0.724563813
Guam,GUM,CO2 emissions (metric tons per capita),EN.ATM.CO2E.PC,..
Guam,GUM,"Air transport, passengers carried",IS.AIR.PSGR,..
Guam,GUM,"Air transport, freight (million ton-km)",IS.AIR.GOOD.MT.K1,..
Guam,GUM,"PM2.5 air pollution, mean annual exposure (micrograms per cubic meter)",EN.ATM.PM25.MC.M3,8.221834725
Guam,GUM,Population growth (annual %),SP.POP.GROW,-0.032018785
Guatemala,GTM,CO2 emissions (metric tons per capita),EN.ATM.CO2E.PC,1.145372815
Guatemala,GTM,"Air transport, passengers carried",IS.AIR.PSGR,107350
Guatemala,GTM,"Air transport, freight (million ton-km)",IS.AIR.GOOD.MT.K1,0.0273
Guatemala,GTM,"PM2.5 air pollution, mean annual exposure (micrograms per cubic meter)",EN.ATM.PM25.MC.M3,27.64788197
Guatemala,GTM,Population growth (annual %),SP.POP.GROW,1.560386048
Guinea,GIN,CO2 emissions (metric tons per capita),EN.ATM.CO2E.PC,0.350765779
Guinea,GIN,"Air transport, passengers carried",IS.AIR.PSGR,..
Guinea,GIN,"Air transport, freight (million ton-km)",IS.AIR.GOOD.MT.K1,..
Guinea,GIN,"PM2.5 air pollution, mean annual exposure (micrograms per cubic meter)",EN.ATM.PM25.MC.M3,52.51253174
Guinea,GIN,Population growth (annual %),SP.POP.GROW,2.537647078
Guinea-Bissau,GNB,CO2 emissions (metric tons per capita),EN.ATM.CO2E.PC,0.165088606
Guinea-Bissau,GNB,"Air transport, passengers carried",IS.AIR.PSGR,..
Guinea-Bissau,GNB,"Air transport, freight (million ton-km)",IS.AIR.GOOD.MT.K1,..
Guinea-Bissau,GNB,"PM2.5 air pollution, mean annual exposure (micrograms per cubic meter)",EN.ATM.PM25.MC.M3,54.06829369
Guinea-Bissau,GNB,Population growth (annual %),SP.POP.GROW,2.33629047
Guyana,GUY,CO2 emissions (metric tons per capita),EN.ATM.CO2E.PC,3.500331141
Guyana,GUY,"Air transport, passengers carried",IS.AIR.PSGR,28697
Guyana,GUY,"Air transport, freight (million ton-km)",IS.AIR.GOOD.MT.K1,0.047589212
Guyana,GUY,"PM2.5 air pollution, mean annual exposure (micrograms per cubic meter)",EN.ATM.PM25.MC.M3,20.10090382
Guyana,GUY,Population growth (annual %),SP.POP.GROW,1.671348097
Haiti,HTI,CO2 emissions (metric tons per capita),EN.ATM.CO2E.PC,0.297241022
Haiti,HTI,"Air transport, passengers carried",IS.AIR.PSGR,..
Haiti,HTI,"Air transport, freight (million ton-km)",IS.AIR.GOOD.MT.K1,0
Haiti,HTI,"PM2.5 air pollution, mean annual exposure (micrograms per cubic meter)",EN.ATM.PM25.MC.M3,19.03230796
Haiti,HTI,Population growth (annual %),SP.POP.GROW,1.335138592
Honduras,HND,CO2 emissions (metric tons per capita),EN.ATM.CO2E.PC,1.023855315
Honduras,HND,"Air transport, passengers carried",IS.AIR.PSGR,321243
Honduras,HND,"Air transport, freight (million ton-km)",IS.AIR.GOOD.MT.K1,1.149492
Honduras,HND,"PM2.5 air pollution, mean annual exposure (micrograms per cubic meter)",EN.ATM.PM25.MC.M3,22.87512366
Honduras,HND,Population growth (annual %),SP.POP.GROW,1.680696685
"Hong Kong SAR, China",HKG,CO2 emissions (metric tons per capita),EN.ATM.CO2E.PC,..
"Hong Kong SAR, China",HKG,"Air transport, passengers carried",IS.AIR.PSGR,46469864
"Hong Kong SAR, China",HKG,"Air transport, freight (million ton-km)",IS.AIR.GOOD.MT.K1,11739.48957
"Hong Kong SAR, China",HKG,"PM2.5 air pollution, mean annual exposure (micrograms per cubic meter)",EN.ATM.PM25.MC.M3,..
"Hong Kong SAR, China",HKG,Population growth (annual %),SP.POP.GROW,0.739283471
Hungary,HUN,CO2 emissions (metric tons per capita),EN.ATM.CO2E.PC,4.836876267
Hungary,HUN,"Air transport, passengers carried",IS.AIR.PSGR,39803373
Hungary,HUN,"Air transport, freight (million ton-km)",IS.AIR.GOOD.MT.K1,0
Hungary,HUN,"PM2.5 air pollution, mean annual exposure (micrograms per cubic meter)",EN.ATM.PM25.MC.M3,16.49434933
Hungary,HUN,Population growth (annual %),SP.POP.GROW,-0.04525571
Iceland,ISL,CO2 emissions (metric tons per capita),EN.ATM.CO2E.PC,4.543450104
Iceland,ISL,"Air transport, passengers carried",IS.AIR.PSGR,4656017
Iceland,ISL,"Air transport, freight (million ton-km)",IS.AIR.GOOD.MT.K1,138.653502
Iceland,ISL,"PM2.5 air pollution, mean annual exposure (micrograms per cubic meter)",EN.ATM.PM25.MC.M3,5.698616135
Iceland,ISL,Population growth (annual %),SP.POP.GROW,2.198932258
India,IND,CO2 emissions (metric tons per capita),EN.ATM.CO2E.PC,1.752534366
India,IND,"Air transport, passengers carried",IS.AIR.PSGR,167499116
India,IND,"Air transport, freight (million ton-km)",IS.AIR.GOOD.MT.K1,1938.232596
India,IND,"PM2.5 air pollution, mean annual exposure (micrograms per cubic meter)",EN.ATM.PM25.MC.M3,83.19931634
India,IND,Population growth (annual %),SP.POP.GROW,1.025310772
Indonesia,IDN,CO2 emissions (metric tons per capita),EN.ATM.CO2E.PC,2.245285771
Indonesia,IDN,"Air transport, passengers carried",IS.AIR.PSGR,91323153
Indonesia,IDN,"Air transport, freight (million ton-km)",IS.AIR.GOOD.MT.K1,981.74186
Indonesia,IDN,"PM2.5 air pollution, mean annual exposure (micrograms per cubic meter)",EN.ATM.PM25.MC.M3,19.37146134
Indonesia,IDN,Population growth (annual %),SP.POP.GROW,0.937689274
"Iran, Islamic Rep.",IRN,CO2 emissions (metric tons per capita),EN.ATM.CO2E.PC,7.222980003
"Iran, Islamic Rep.",IRN,"Air transport, passengers carried",IS.AIR.PSGR,21641449.39
"Iran, Islamic Rep.",IRN,"Air transport, freight (million ton-km)",IS.AIR.GOOD.MT.K1,152.2586607
"Iran, Islamic Rep.",IRN,"PM2.5 air pollution, mean annual exposure (micrograms per cubic meter)",EN.ATM.PM25.MC.M3,38.01508315
"Iran, Islamic Rep.",IRN,Population growth (annual %),SP.POP.GROW,1.099593263
Iraq,IRQ,CO2 emissions (metric tons per capita),EN.ATM.CO2E.PC,4.347264139
Iraq,IRQ,"Air transport, passengers carried",IS.AIR.PSGR,5434292
Iraq,IRQ,"Air transport, freight (million ton-km)",IS.AIR.GOOD.MT.K1,0
Iraq,IRQ,"PM2.5 air pollution, mean annual exposure (micrograms per cubic meter)",EN.ATM.PM25.MC.M3,48.46825216
Iraq,IRQ,Population growth (annual %),SP.POP.GROW,2.368388314
Ireland,IRL,CO2 emissions (metric tons per capita),EN.ATM.CO2E.PC,7.257748757
Ireland,IRL,"Air transport, passengers carried",IS.AIR.PSGR,170161848
Ireland,IRL,"Air transport, freight (million ton-km)",IS.AIR.GOOD.MT.K1,174.5404
Ireland,IRL,"PM2.5 air pollution, mean annual exposure (micrograms per cubic meter)",EN.ATM.PM25.MC.M3,7.854094218
Ireland,IRL,Population growth (annual %),SP.POP.GROW,1.367626954
Isle of Man,IMN,CO2 emissions (metric tons per capita),EN.ATM.CO2E.PC,..
Isle of Man,IMN,"Air transport, passengers carried",IS.AIR.PSGR,..
Isle of Man,IMN,"Air transport, freight (million ton-km)",IS.AIR.GOOD.MT.K1,..
Isle of Man,IMN,"PM2.5 air pollution, mean annual exposure (micrograms per cubic meter)",EN.ATM.PM25.MC.M3,..
Isle of Man,IMN,Population growth (annual %),SP.POP.GROW,0.18842279
Israel,ISR,CO2 emissions (metric tons per capita),EN.ATM.CO2E.PC,6.935752154
Israel,ISR,"Air transport, passengers carried",IS.AIR.PSGR,7068458
Israel,ISR,"Air transport, freight (million ton-km)",IS.AIR.GOOD.MT.K1,889.334
Israel,ISR,"PM2.5 air pollution, mean annual exposure (micrograms per cubic meter)",EN.ATM.PM25.MC.M3,19.75989688
Israel,ISR,Population growth (annual %),SP.POP.GROW,1.90898264
Italy,ITA,CO2 emissions (metric tons per capita),EN.ATM.CO2E.PC,5.311030987
Italy,ITA,"Air transport, passengers carried",IS.AIR.PSGR,27760301
Italy,ITA,"Air transport, freight (million ton-km)",IS.AIR.GOOD.MT.K1,1344.955151
Italy,ITA,"PM2.5 air pollution, mean annual exposure (micrograms per cubic meter)",EN.ATM.PM25.MC.M3,16.08828133
Italy,ITA,Population growth (annual %),SP.POP.GROW,-1.153028424
Jamaica,JAM,CO2 emissions (metric tons per capita),EN.ATM.CO2E.PC,2.983289697
Jamaica,JAM,"Air transport, passengers carried",IS.AIR.PSGR,..
Jamaica,JAM,"Air transport, freight (million ton-km)",IS.AIR.GOOD.MT.K1,0
Jamaica,JAM,"PM2.5 air pollution, mean annual exposure (micrograms per cubic meter)",EN.ATM.PM25.MC.M3,15.28940246
Jamaica,JAM,Population growth (annual %),SP.POP.GROW,0.068899222
Japan,JPN,CO2 emissions (metric tons per capita),EN.ATM.CO2E.PC,8.478400575
Japan,JPN,"Air transport, passengers carried",IS.AIR.PSGR,130233352
Japan,JPN,"Air transport, freight (million ton-km)",IS.AIR.GOOD.MT.K1,8919.48
Japan,JPN,"PM2.5 air pollution, mean annual exposure (micrograms per cubic meter)",EN.ATM.PM25.MC.M3,13.46980666
Japan,JPN,Population growth (annual %),SP.POP.GROW,-0.140464978
Jordan,JOR,CO2 emissions (metric tons per capita),EN.ATM.CO2E.PC,2.163621448
Jordan,JOR,"Air transport, passengers carried",IS.AIR.PSGR,3478444
Jordan,JOR,"Air transport, freight (million ton-km)",IS.AIR.GOOD.MT.K1,153.56892
Jordan,JOR,"PM2.5 air pollution, mean annual exposure (micrograms per cubic meter)",EN.ATM.PM25.MC.M3,30.64558855
Jordan,JOR,Population growth (annual %),SP.POP.GROW,2.257509754
Kazakhstan,KAZ,CO2 emissions (metric tons per capita),EN.ATM.CO2E.PC,11.05087035
Kazakhstan,KAZ,"Air transport, passengers carried",IS.AIR.PSGR,7656866
Kazakhstan,KAZ,"Air transport, freight (million ton-km)",IS.AIR.GOOD.MT.K1,49.84901
Kazakhstan,KAZ,"PM2.5 air pollution, mean annual exposure (micrograms per cubic meter)",EN.ATM.PM25.MC.M3,20.29485447
Kazakhstan,KAZ,Population growth (annual %),SP.POP.GROW,1.28960849
Kenya,KEN,CO2 emissions (metric tons per capita),EN.ATM.CO2E.PC,0.382362033
Kenya,KEN,"Air transport, passengers carried",IS.AIR.PSGR,6417534.056
Kenya,KEN,"Air transport, freight (million ton-km)",IS.AIR.GOOD.MT.K1,320.9525546
Kenya,KEN,"PM2.5 air pollution, mean annual exposure (micrograms per cubic meter)",EN.ATM.PM25.MC.M3,21.61458718
Kenya,KEN,Population growth (annual %),SP.POP.GROW,1.978456948
Kiribati,KIR,CO2 emissions (metric tons per capita),EN.ATM.CO2E.PC,0.592397035
Kiribati,KIR,"Air transport, passengers carried",IS.AIR.PSGR,65846.852
Kiribati,KIR,"Air transport, freight (million ton-km)",IS.AIR.GOOD.MT.K1,0
Kiribati,KIR,"PM2.5 air pollution, mean annual exposure (micrograms per cubic meter)",EN.ATM.PM25.MC.M3,9.468882294
Kiribati,KIR,Population growth (annual %),SP.POP.GROW,1.606512389
"Korea, Dem. People's Rep.",PRK,CO2 emissions (metric tons per capita),EN.ATM.CO2E.PC,2.156763691
"Korea, Dem. People's Rep.",PRK,"Air transport, passengers carried",IS.AIR.PSGR,109095
"Korea, Dem. People's Rep.",PRK,"Air transport, freight (million ton-km)",IS.AIR.GOOD.MT.K1,0.487101
"Korea, Dem. People's Rep.",PRK,"PM2.5 air pollution, mean annual exposure (micrograms per cubic meter)",EN.ATM.PM25.MC.M3,44.32957478
"Korea, Dem. People's Rep.",PRK,Population growth (annual %),SP.POP.GROW,0.45644682
"Korea, Rep.",KOR,CO2 emissions (metric tons per capita),EN.ATM.CO2E.PC,11.82528359
"Korea, Rep.",KOR,"Air transport, passengers carried",IS.AIR.PSGR,92434079
"Korea, Rep.",KOR,"Air transport, freight (million ton-km)",IS.AIR.GOOD.MT.K1,10664.37823
"Korea, Rep.",KOR,"PM2.5 air pollution, mean annual exposure (micrograms per cubic meter)",EN.ATM.PM25.MC.M3,27.44033926
"Korea, Rep.",KOR,Population growth (annual %),SP.POP.GROW,0.347874969
Kosovo,XKX,CO2 emissions (metric tons per capita),EN.ATM.CO2E.PC,..
Kosovo,XKX,"Air transport, passengers carried",IS.AIR.PSGR,..
Kosovo,XKX,"Air transport, freight (million ton-km)",IS.AIR.GOOD.MT.K1,..
Kosovo,XKX,"PM2.5 air pollution, mean annual exposure (micrograms per cubic meter)",EN.ATM.PM25.MC.M3,..
Kosovo,XKX,Population growth (annual %),SP.POP.GROW,-0.457730006
Kuwait,KWT,CO2 emissions (metric tons per capita),EN.ATM.CO2E.PC,21.13521425
Kuwait,KWT,"Air transport, passengers carried",IS.AIR.PSGR,7385299
Kuwait,KWT,"Air transport, freight (million ton-km)",IS.AIR.GOOD.MT.K1,364.649349
Kuwait,KWT,"PM2.5 air pollution, mean annual exposure (micrograms per cubic meter)",EN.ATM.PM25.MC.M3,60.96648013
Kuwait,KWT,Population growth (annual %),SP.POP.GROW,2.829852402
Kyrgyz Republic,KGZ,CO2 emissions (metric tons per capita),EN.ATM.CO2E.PC,1.551593817
Kyrgyz Republic,KGZ,"Air transport, passengers carried",IS.AIR.PSGR,867935
Kyrgyz Republic,KGZ,"Air transport, freight (million ton-km)",IS.AIR.GOOD.MT.K1,0.495853
Kyrgyz Republic,KGZ,"PM2.5 air pollution, mean annual exposure (micrograms per cubic meter)",EN.ATM.PM25.MC.M3,24.07288994
Kyrgyz Republic,KGZ,Population growth (annual %),SP.POP.GROW,2.08787614
Lao PDR,LAO,CO2 emissions (metric tons per capita),EN.ATM.CO2E.PC,2.658175141
Lao PDR,LAO,"Air transport, passengers carried",IS.AIR.PSGR,979307
Lao PDR,LAO,"Air transport, freight (million ton-km)",IS.AIR.GOOD.MT.K1,0.910194
Lao PDR,LAO,"PM2.5 air pollution, mean annual exposure (micrograms per cubic meter)",EN.ATM.PM25.MC.M3,20.54733513
Lao PDR,LAO,Population growth (annual %),SP.POP.GROW,1.495404815
Latvia,LVA,CO2 emissions (metric tons per capita),EN.ATM.CO2E.PC,3.954965509
Latvia,LVA,"Air transport, passengers carried",IS.AIR.PSGR,4976410
Latvia,LVA,"Air transport, freight (million ton-km)",IS.AIR.GOOD.MT.K1,5.1637624
Latvia,LVA,"PM2.5 air pollution, mean annual exposure (micrograms per cubic meter)",EN.ATM.PM25.MC.M3,12.01165835
Latvia,LVA,Population growth (annual %),SP.POP.GROW,-0.69523914
Lebanon,LBN,CO2 emissions (metric tons per capita),EN.ATM.CO2E.PC,4.655297984
Lebanon,LBN,"Air transport, passengers carried",IS.AIR.PSGR,3164358
Lebanon,LBN,"Air transport, freight (million ton-km)",IS.AIR.GOOD.MT.K1,51.70094
Lebanon,LBN,"PM2.5 air pollution, mean annual exposure (micrograms per cubic meter)",EN.ATM.PM25.MC.M3,28.96029994
Lebanon,LBN,Population growth (annual %),SP.POP.GROW,-2.879865896
Lesotho,LSO,CO2 emissions (metric tons per capita),EN.ATM.CO2E.PC,1.033426757
Lesotho,LSO,"Air transport, passengers carried",IS.AIR.PSGR,..
Lesotho,LSO,"Air transport, freight (million ton-km)",IS.AIR.GOOD.MT.K1,..
Lesotho,LSO,"PM2.5 air pollution, mean annual exposure (micrograms per cubic meter)",EN.ATM.PM25.MC.M3,27.52281327
Lesotho,LSO,Population growth (annual %),SP.POP.GROW,1.251678122
Liberia,LBR,CO2 emissions (metric tons per capita),EN.ATM.CO2E.PC,0.22991646
Liberia,LBR,"Air transport, passengers carried",IS.AIR.PSGR,..
Liberia,LBR,"Air transport, freight (million ton-km)",IS.AIR.GOOD.MT.K1,..
Liberia,LBR,"PM2.5 air pollution, mean annual exposure (micrograms per cubic meter)",EN.ATM.PM25.MC.M3,50.59973692
Liberia,LBR,Population growth (annual %),SP.POP.GROW,1.94236198
Libya,LBY,CO2 emissions (metric tons per capita),EN.ATM.CO2E.PC,8.325767595
Libya,LBY,"Air transport, passengers carried",IS.AIR.PSGR,1367458
Libya,LBY,"Air transport, freight (million ton-km)",IS.AIR.GOOD.MT.K1,0.758181
Libya,LBY,"PM2.5 air pollution, mean annual exposure (micrograms per cubic meter)",EN.ATM.PM25.MC.M3,38.59119845
Libya,LBY,Population growth (annual %),SP.POP.GROW,1.399514414
Liechtenstein,LIE,CO2 emissions (metric tons per capita),EN.ATM.CO2E.PC,3.872608388
Liechtenstein,LIE,"Air transport, passengers carried",IS.AIR.PSGR,..
Liechtenstein,LIE,"Air transport, freight (million ton-km)",IS.AIR.GOOD.MT.K1,..
Liechtenstein,LIE,"PM2.5 air pollution, mean annual exposure (micrograms per cubic meter)",EN.ATM.PM25.MC.M3,..
Liechtenstein,LIE,Population growth (annual %),SP.POP.GROW,0.785258982
Lithuania,LTU,CO2 emissions (metric tons per capita),EN.ATM.CO2E.PC,4.200151961
Lithuania,LTU,"Air transport, passengers carried",IS.AIR.PSGR,40944
Lithuania,LTU,"Air transport, freight (million ton-km)",IS.AIR.GOOD.MT.K1,0
Lithuania,LTU,"PM2.5 air pollution, mean annual exposure (micrograms per cubic meter)",EN.ATM.PM25.MC.M3,10.37350411
Lithuania,LTU,Population growth (annual %),SP.POP.GROW,-0.264704355
Luxembourg,LUX,CO2 emissions (metric tons per capita),EN.ATM.CO2E.PC,15.3230398
Luxembourg,LUX,"Air transport, passengers carried",IS.AIR.PSGR,2114417
Luxembourg,LUX,"Air transport, freight (million ton-km)",IS.AIR.GOOD.MT.K1,7188.04334
Luxembourg,LUX,"PM2.5 air pollution, mean annual exposure (micrograms per cubic meter)",EN.ATM.PM25.MC.M3,10.06890585
Luxembourg,LUX,Population growth (annual %),SP.POP.GROW,1.96284492
"Macao SAR, China",MAC,CO2 emissions (metric tons per capita),EN.ATM.CO2E.PC,..
"Macao SAR, China",MAC,"Air transport, passengers carried",IS.AIR.PSGR,3659911
"Macao SAR, China",MAC,"Air transport, freight (million ton-km)",IS.AIR.GOOD.MT.K1,26.02953
"Macao SAR, China",MAC,"PM2.5 air pollution, mean annual exposure (micrograms per cubic meter)",EN.ATM.PM25.MC.M3,..
"Macao SAR, China",MAC,Population growth (annual %),SP.POP.GROW,1.926360529
Madagascar,MDG,CO2 emissions (metric tons per capita),EN.ATM.CO2E.PC,0.142653575
Madagascar,MDG,"Air transport, passengers carried",IS.AIR.PSGR,544458
Madagascar,MDG,"Air transport, freight (million ton-km)",IS.AIR.GOOD.MT.K1,16.18255
Madagascar,MDG,"PM2.5 air pollution, mean annual exposure (micrograms per cubic meter)",EN.ATM.PM25.MC.M3,17.8593854
Madagascar,MDG,Population growth (annual %),SP.POP.GROW,2.525316628
Malawi,MWI,CO2 emissions (metric tons per capita),EN.ATM.CO2E.PC,0.087118813
Malawi,MWI,"Air transport, passengers carried",IS.AIR.PSGR,7117
Malawi,MWI,"Air transport, freight (million ton-km)",IS.AIR.GOOD.MT.K1,0.002464004
Malawi,MWI,"PM2.5 air pollution, mean annual exposure (micrograms per cubic meter)",EN.ATM.PM25.MC.M3,22.34665143
Malawi,MWI,Population growth (annual %),SP.POP.GROW,2.68285756
Malaysia,MYS,CO2 emissions (metric tons per capita),EN.ATM.CO2E.PC,7.464999716
Malaysia,MYS,"Air transport, passengers carried",IS.AIR.PSGR,63623130
Malaysia,MYS,"Air transport, freight (million ton-km)",IS.AIR.GOOD.MT.K1,1378.744705
Malaysia,MYS,"PM2.5 air pollution, mean annual exposure (micrograms per cubic meter)",EN.ATM.PM25.MC.M3,16.59099631
Malaysia,MYS,Population growth (annual %),SP.POP.GROW,1.241514631
Maldives,MDV,CO2 emissions (metric tons per capita),EN.ATM.CO2E.PC,3.963267183
Maldives,MDV,"Air transport, passengers carried",IS.AIR.PSGR,1221786.675
Maldives,MDV,"Air transport, freight (million ton-km)",IS.AIR.GOOD.MT.K1,0
Maldives,MDV,"PM2.5 air pollution, mean annual exposure (micrograms per cubic meter)",EN.ATM.PM25.MC.M3,10.94405416
Maldives,MDV,Population growth (annual %),SP.POP.GROW,2.96723054
Mali,MLI,CO2 emissions (metric tons per capita),EN.ATM.CO2E.PC,0.191438656
Mali,MLI,"Air transport, passengers carried",IS.AIR.PSGR,..
Mali,MLI,"Air transport, freight (million ton-km)",IS.AIR.GOOD.MT.K1,..
Mali,MLI,"PM2.5 air pollution, mean annual exposure (micrograms per cubic meter)",EN.ATM.PM25.MC.M3,60.62414043
Mali,MLI,Population growth (annual %),SP.POP.GROW,3.126669914
Malta,MLT,CO2 emissions (metric tons per capita),EN.ATM.CO2E.PC,3.290468236
Malta,MLT,"Air transport, passengers carried",IS.AIR.PSGR,2382607.8
Malta,MLT,"Air transport, freight (million ton-km)",IS.AIR.GOOD.MT.K1,6.727273
Malta,MLT,"PM2.5 air pollution, mean annual exposure (micrograms per cubic meter)",EN.ATM.PM25.MC.M3,12.9910498
Malta,MLT,Population growth (annual %),SP.POP.GROW,3.931356319
Marshall Islands,MHL,CO2 emissions (metric tons per capita),EN.ATM.CO2E.PC,3.405025935
Marshall Islands,MHL,"Air transport, passengers carried",IS.AIR.PSGR,21500
Marshall Islands,MHL,"Air transport, freight (million ton-km)",IS.AIR.GOOD.MT.K1,0.182569
Marshall Islands,MHL,"PM2.5 air pollution, mean annual exposure (micrograms per cubic meter)",EN.ATM.PM25.MC.M3,9.044039796
Marshall Islands,MHL,Population growth (annual %),SP.POP.GROW,-2.780253373
Mauritania,MRT,CO2 emissions (metric tons per capita),EN.ATM.CO2E.PC,0.872475307
Mauritania,MRT,"Air transport, passengers carried",IS.AIR.PSGR,386621
Mauritania,MRT,"Air transport, freight (million ton-km)",IS.AIR.GOOD.MT.K1,0
Mauritania,MRT,"PM2.5 air pollution, mean annual exposure (micrograms per cubic meter)",EN.ATM.PM25.MC.M3,66.8117824
Mauritania,MRT,Population growth (annual %),SP.POP.GROW,2.614654755
Mauritius,MUS,CO2 emissions (metric tons per capita),EN.ATM.CO2E.PC,3.296800515
Mauritius,MUS,"Air transport, passengers carried",IS.AIR.PSGR,1726868
Mauritius,MUS,"Air transport, freight (million ton-km)",IS.AIR.GOOD.MT.K1,213.641
Mauritius,MUS,"PM2.5 air pollution, mean annual exposure (micrograms per cubic meter)",EN.ATM.PM25.MC.M3,14.91383169
Mauritius,MUS,Population growth (annual %),SP.POP.GROW,0.032233064
Mexico,MEX,CO2 emissions (metric tons per capita),EN.ATM.CO2E.PC,3.612165141
Mexico,MEX,"Air transport, passengers carried",IS.AIR.PSGR,69937838
Mexico,MEX,"Air transport, freight (million ton-km)",IS.AIR.GOOD.MT.K1,1072.52473
Mexico,MEX,"PM2.5 air pollution, mean annual exposure (micrograms per cubic meter)",EN.ATM.PM25.MC.M3,20.12401203
Mexico,MEX,Population growth (annual %),SP.POP.GROW,0.86026509
"Micronesia, Fed. Sts.",FSM,CO2 emissions (metric tons per capita),EN.ATM.CO2E.PC,1.330591943
"Micronesia, Fed. Sts.",FSM,"Air transport, passengers carried",IS.AIR.PSGR,..
"Micronesia, Fed. Sts.",FSM,"Air transport, freight (million ton-km)",IS.AIR.GOOD.MT.K1,..
"Micronesia, Fed. Sts.",FSM,"PM2.5 air pollution, mean annual exposure (micrograms per cubic meter)",EN.ATM.PM25.MC.M3,10.38285056
"Micronesia, Fed. Sts.",FSM,Population growth (annual %),SP.POP.GROW,0.404844283
Moldova,MDA,CO2 emissions (metric tons per capita),EN.ATM.CO2E.PC,3.348667379
Moldova,MDA,"Air transport, passengers carried",IS.AIR.PSGR,1408166
Moldova,MDA,"Air transport, freight (million ton-km)",IS.AIR.GOOD.MT.K1,1.22908832
Moldova,MDA,"PM2.5 air pollution, mean annual exposure (micrograms per cubic meter)",EN.ATM.PM25.MC.M3,13.74739724
Moldova,MDA,Population growth (annual %),SP.POP.GROW,-1.600316536
Monaco,MCO,CO2 emissions (metric tons per capita),EN.ATM.CO2E.PC,..
Monaco,MCO,"Air transport, passengers carried",IS.AIR.PSGR,316
Monaco,MCO,"Air transport, freight (million ton-km)",IS.AIR.GOOD.MT.K1,0
Monaco,MCO,"PM2.5 air pollution, mean annual exposure (micrograms per cubic meter)",EN.ATM.PM25.MC.M3,11.66888949
Monaco,MCO,Population growth (annual %),SP.POP.GROW,0.013502019
Mongolia,MNG,CO2 emissions (metric tons per capita),EN.ATM.CO2E.PC,7.160835656
Mongolia,MNG,"Air transport, passengers carried",IS.AIR.PSGR,744413
Mongolia,MNG,"Air transport, freight (million ton-km)",IS.AIR.GOOD.MT.K1,7.38543
Mongolia,MNG,"PM2.5 air pollution, mean annual exposure (micrograms per cubic meter)",EN.ATM.PM25.MC.M3,38.05757134
Mongolia,MNG,Population growth (annual %),SP.POP.GROW,2.139997096
Montenegro,MNE,CO2 emissions (metric tons per capita),EN.ATM.CO2E.PC,4.181644556
Montenegro,MNE,"Air transport, passengers carried",IS.AIR.PSGR,597380
Montenegro,MNE,"Air transport, freight (million ton-km)",IS.AIR.GOOD.MT.K1,0.15295
Montenegro,MNE,"PM2.5 air pollution, mean annual exposure (micrograms per cubic meter)",EN.ATM.PM25.MC.M3,21.25685256
Montenegro,MNE,Population growth (annual %),SP.POP.GROW,-0.031987013
Morocco,MAR,CO2 emissions (metric tons per capita),EN.ATM.CO2E.PC,1.955308017
Morocco,MAR,"Air transport, passengers carried",IS.AIR.PSGR,9380951
Morocco,MAR,"Air transport, freight (million ton-km)",IS.AIR.GOOD.MT.K1,102.19214
Morocco,MAR,"PM2.5 air pollution, mean annual exposure (micrograms per cubic meter)",EN.ATM.PM25.MC.M3,35.05284088
Morocco,MAR,Population growth (annual %),SP.POP.GROW,1.043584127
Mozambique,MOZ,CO2 emissions (metric tons per capita),EN.ATM.CO2E.PC,0.248639659
Mozambique,MOZ,"Air transport, passengers carried",IS.AIR.PSGR,587364
Mozambique,MOZ,"Air transport, freight (million ton-km)",IS.AIR.GOOD.MT.K1,6.347
Mozambique,MOZ,"PM2.5 air pollution, mean annual exposure (micrograms per cubic meter)",EN.ATM.PM25.MC.M3,20.77406654
Mozambique,MOZ,Population growth (annual %),SP.POP.GROW,2.886566535
Myanmar,MMR,CO2 emissions (metric tons per capita),EN.ATM.CO2E.PC,0.640928811
Myanmar,MMR,"Air transport, passengers carried",IS.AIR.PSGR,3701663.849
Myanmar,MMR,"Air transport, freight (million ton-km)",IS.AIR.GOOD.MT.K1,8.30683
Myanmar,MMR,"PM2.5 air pollution, mean annual exposure (micrograms per cubic meter)",EN.ATM.PM25.MC.M3,29.43314277
Myanmar,MMR,Population growth (annual %),SP.POP.GROW,0.707999098
Namibia,NAM,CO2 emissions (metric tons per capita),EN.ATM.CO2E.PC,1.764171657
Namibia,NAM,"Air transport, passengers carried",IS.AIR.PSGR,212578
Namibia,NAM,"Air transport, freight (million ton-km)",IS.AIR.GOOD.MT.K1,6.900144
Namibia,NAM,"PM2.5 air pollution, mean annual exposure (micrograms per cubic meter)",EN.ATM.PM25.MC.M3,24.19978552
Namibia,NAM,Population growth (annual %),SP.POP.GROW,1.688468173
Nauru,NRU,CO2 emissions (metric tons per capita),EN.ATM.CO2E.PC,4.401582591
Nauru,NRU,"Air transport, passengers carried",IS.AIR.PSGR,50668
Nauru,NRU,"Air transport, freight (million ton-km)",IS.AIR.GOOD.MT.K1,1.72681
Nauru,NRU,"PM2.5 air pollution, mean annual exposure (micrograms per cubic meter)",EN.ATM.PM25.MC.M3,5.857163356
Nauru,NRU,Population growth (annual %),SP.POP.GROW,1.729341401
Nepal,NPL,CO2 emissions (metric tons per capita),EN.ATM.CO2E.PC,0.480724943
Nepal,NPL,"Air transport, passengers carried",IS.AIR.PSGR,1659671
Nepal,NPL,"Air transport, freight (million ton-km)",IS.AIR.GOOD.MT.K1,5.847551
Nepal,NPL,"PM2.5 air pollution, mean annual exposure (micrograms per cubic meter)",EN.ATM.PM25.MC.M3,83.10319363
Nepal,NPL,Population growth (annual %),SP.POP.GROW,1.136351607
Netherlands,NLD,CO2 emissions (metric tons per capita),EN.ATM.CO2E.PC,8.41396928
Netherlands,NLD,"Air transport, passengers carried",IS.AIR.PSGR,46358457.95
Netherlands,NLD,"Air transport, freight (million ton-km)",IS.AIR.GOOD.MT.K1,5656.442
Netherlands,NLD,"PM2.5 air pollution, mean annual exposure (micrograms per cubic meter)",EN.ATM.PM25.MC.M3,12.0392862
Netherlands,NLD,Population growth (annual %),SP.POP.GROW,0.655071575
New Caledonia,NCL,CO2 emissions (metric tons per capita),EN.ATM.CO2E.PC,..
New Caledonia,NCL,"Air transport, passengers carried",IS.AIR.PSGR,..
New Caledonia,NCL,"Air transport, freight (million ton-km)",IS.AIR.GOOD.MT.K1,..
New Caledonia,NCL,"PM2.5 air pollution, mean annual exposure (micrograms per cubic meter)",EN.ATM.PM25.MC.M3,..
New Caledonia,NCL,Population growth (annual %),SP.POP.GROW,0.025810734
New Zealand,NZL,CO2 emissions (metric tons per capita),EN.ATM.CO2E.PC,6.830053021
New Zealand,NZL,"Air transport, passengers carried",IS.AIR.PSGR,17763604.46
New Zealand,NZL,"Air transport, freight (million ton-km)",IS.AIR.GOOD.MT.K1,1207.882205
New Zealand,NZL,"PM2.5 air pollution, mean annual exposure (micrograms per cubic meter)",EN.ATM.PM25.MC.M3,6.048305496
New Zealand,NZL,Population growth (annual %),SP.POP.GROW,1.591158896
Nicaragua,NIC,CO2 emissions (metric tons per capita),EN.ATM.CO2E.PC,0.77010182
Nicaragua,NIC,"Air transport, passengers carried",IS.AIR.PSGR,..
Nicaragua,NIC,"Air transport, freight (million ton-km)",IS.AIR.GOOD.MT.K1,..
Nicaragua,NIC,"PM2.5 air pollution, mean annual exposure (micrograms per cubic meter)",EN.ATM.PM25.MC.M3,20.43900913
Nicaragua,NIC,Population growth (annual %),SP.POP.GROW,1.385484725
Niger,NER,CO2 emissions (metric tons per capita),EN.ATM.CO2E.PC,0.092100576
Niger,NER,"Air transport, passengers carried",IS.AIR.PSGR,..
Niger,NER,"Air transport, freight (million ton-km)",IS.AIR.GOOD.MT.K1,..
Niger,NER,"PM2.5 air pollution, mean annual exposure (micrograms per cubic meter)",EN.ATM.PM25.MC.M3,80.10926696
Niger,NER,Population growth (annual %),SP.POP.GROW,3.765444885
Nigeria,NGA,CO2 emissions (metric tons per capita),EN.ATM.CO2E.PC,0.588005207
Nigeria,NGA,"Air transport, passengers carried",IS.AIR.PSGR,6539048.353
Nigeria,NGA,"Air transport, freight (million ton-km)",IS.AIR.GOOD.MT.K1,1.84341946
Nigeria,NGA,"PM2.5 air pollution, mean annual exposure (micrograms per cubic meter)",EN.ATM.PM25.MC.M3,70.39625682
Nigeria,NGA,Population growth (annual %),SP.POP.GROW,2.448200698
North Macedonia,MKD,CO2 emissions (metric tons per capita),EN.ATM.CO2E.PC,3.831137375
North Macedonia,MKD,"Air transport, passengers carried",IS.AIR.PSGR,..
North Macedonia,MKD,"Air transport, freight (million ton-km)",IS.AIR.GOOD.MT.K1,..
North Macedonia,MKD,"PM2.5 air pollution, mean annual exposure (micrograms per cubic meter)",EN.ATM.PM25.MC.M3,30.26931856
North Macedonia,MKD,Population growth (annual %),SP.POP.GROW,0.022971838
Northern Mariana Islands,MNP,CO2 emissions (metric tons per capita),EN.ATM.CO2E.PC,..
Northern Mariana Islands,MNP,"Air transport, passengers carried",IS.AIR.PSGR,..
Northern Mariana Islands,MNP,"Air transport, freight (million ton-km)",IS.AIR.GOOD.MT.K1,..
Northern Mariana Islands,MNP,"PM2.5 air pollution, mean annual exposure (micrograms per cubic meter)",EN.ATM.PM25.MC.M3,8.151978907
Northern Mariana Islands,MNP,Population growth (annual %),SP.POP.GROW,-0.890563183
Norway,NOR,CO2 emissions (metric tons per capita),EN.ATM.CO2E.PC,7.042320943
Norway,NOR,"Air transport, passengers carried",IS.AIR.PSGR,..
Norway,NOR,"Air transport, freight (million ton-km)",IS.AIR.GOOD.MT.K1,..
Norway,NOR,"PM2.5 air pollution, mean annual exposure (micrograms per cubic meter)",EN.ATM.PM25.MC.M3,6.642383374
Norway,NOR,Population growth (annual %),SP.POP.GROW,0.675061373
Oman,OMN,CO2 emissions (metric tons per capita),EN.ATM.CO2E.PC,16.45635843
Oman,OMN,"Air transport, passengers carried",IS.AIR.PSGR,11239996
Oman,OMN,"Air transport, freight (million ton-km)",IS.AIR.GOOD.MT.K1,566.923
Oman,OMN,"PM2.5 air pollution, mean annual exposure (micrograms per cubic meter)",EN.ATM.PM25.MC.M3,44.57247023
Oman,OMN,Population growth (annual %),SP.POP.GROW,0.035006805
Pakistan,PAK,CO2 emissions (metric tons per capita),EN.ATM.CO2E.PC,0.824459652
Pakistan,PAK,"Air transport, passengers carried",IS.AIR.PSGR,7420378.249
Pakistan,PAK,"Air transport, freight (million ton-km)",IS.AIR.GOOD.MT.K1,192.977927
Pakistan,PAK,"PM2.5 air pollution, mean annual exposure (micrograms per cubic meter)",EN.ATM.PM25.MC.M3,62.57424987
Pakistan,PAK,Population growth (annual %),SP.POP.GROW,1.607981347
Palau,PLW,CO2 emissions (metric tons per capita),EN.ATM.CO2E.PC,12.134405
Palau,PLW,"Air transport, passengers carried",IS.AIR.PSGR,..
Palau,PLW,"Air transport, freight (million ton-km)",IS.AIR.GOOD.MT.K1,..
Palau,PLW,"PM2.5 air pollution, mean annual exposure (micrograms per cubic meter)",EN.ATM.PM25.MC.M3,6.873805482
Palau,PLW,Population growth (annual %),SP.POP.GROW,0.290665381
Panama,PAN,CO2 emissions (metric tons per capita),EN.ATM.CO2E.PC,3.095050433
Panama,PAN,"Air transport, passengers carried",IS.AIR.PSGR,12497758
Panama,PAN,"Air transport, freight (million ton-km)",IS.AIR.GOOD.MT.K1,94.840477
Panama,PAN,"PM2.5 air pollution, mean annual exposure (micrograms per cubic meter)",EN.ATM.PM25.MC.M3,13.20059479
Panama,PAN,Population growth (annual %),SP.POP.GROW,1.602289731
Papua New Guinea,PNG,CO2 emissions (metric tons per capita),EN.ATM.CO2E.PC,0.78255289
Papua New Guinea,PNG,"Air transport, passengers carried",IS.AIR.PSGR,2029701
Papua New Guinea,PNG,"Air transport, freight (million ton-km)",IS.AIR.GOOD.MT.K1,30.685844
Papua New Guinea,PNG,"PM2.5 air pollution, mean annual exposure (micrograms per cubic meter)",EN.ATM.PM25.MC.M3,16.2311858
Papua New Guinea,PNG,Population growth (annual %),SP.POP.GROW,2.260187811
Paraguay,PRY,CO2 emissions (metric tons per capita),EN.ATM.CO2E.PC,1.240668873
Paraguay,PRY,"Air transport, passengers carried",IS.AIR.PSGR,632389
Paraguay,PRY,"Air transport, freight (million ton-km)",IS.AIR.GOOD.MT.K1,1.842301
Paraguay,PRY,"PM2.5 air pollution, mean annual exposure (micrograms per cubic meter)",EN.ATM.PM25.MC.M3,12.51891553
Paraguay,PRY,Population growth (annual %),SP.POP.GROW,1.336574808
Peru,PER,CO2 emissions (metric tons per capita),EN.ATM.CO2E.PC,1.735641775
Peru,PER,"Air transport, passengers carried",IS.AIR.PSGR,18820572
Peru,PER,"Air transport, freight (million ton-km)",IS.AIR.GOOD.MT.K1,340.335049
Peru,PER,"PM2.5 air pollution, mean annual exposure (micrograms per cubic meter)",EN.ATM.PM25.MC.M3,30.82669477
Peru,PER,Population growth (annual %),SP.POP.GROW,1.909725608
Philippines,PHL,CO2 emissions (metric tons per capita),EN.ATM.CO2E.PC,1.32152779
Philippines,PHL,"Air transport, passengers carried",IS.AIR.PSGR,47776892
Philippines,PHL,"Air transport, freight (million ton-km)",IS.AIR.GOOD.MT.K1,926.888641
Philippines,PHL,"PM2.5 air pollution, mean annual exposure (micrograms per cubic meter)",EN.ATM.PM25.MC.M3,18.82613108
Philippines,PHL,Population growth (annual %),SP.POP.GROW,1.655183692
Poland,POL,CO2 emissions (metric tons per capita),EN.ATM.CO2E.PC,7.768855783
Poland,POL,"Air transport, passengers carried",IS.AIR.PSGR,10225516
Poland,POL,"Air transport, freight (million ton-km)",IS.AIR.GOOD.MT.K1,317.866
Poland,POL,"PM2.5 air pollution, mean annual exposure (micrograms per cubic meter)",EN.ATM.PM25.MC.M3,22.6420051
Poland,POL,Population growth (annual %),SP.POP.GROW,-0.024427107
Portugal,PRT,CO2 emissions (metric tons per capita),EN.ATM.CO2E.PC,4.332448043
Portugal,PRT,"Air transport, passengers carried",IS.AIR.PSGR,22047878.98
Portugal,PRT,"Air transport, freight (million ton-km)",IS.AIR.GOOD.MT.K1,536.98922
Portugal,PRT,"PM2.5 air pollution, mean annual exposure (micrograms per cubic meter)",EN.ATM.PM25.MC.M3,8.254802244
Portugal,PRT,Population growth (annual %),SP.POP.GROW,0.023733495
Puerto Rico,PRI,CO2 emissions (metric tons per capita),EN.ATM.CO2E.PC,..
Puerto Rico,PRI,"Air transport, passengers carried",IS.AIR.PSGR,..
Puerto Rico,PRI,"Air transport, freight (million ton-km)",IS.AIR.GOOD.MT.K1,..
Puerto Rico,PRI,"PM2.5 air pollution, mean annual exposure (micrograms per cubic meter)",EN.ATM.PM25.MC.M3,6.85168132
Puerto Rico,PRI,Population growth (annual %),SP.POP.GROW,0.010646546
Qatar,QAT,CO2 emissions (metric tons per capita),EN.ATM.CO2E.PC,31.87720301
Qatar,QAT,"Air transport, passengers carried",IS.AIR.PSGR,32953297
Qatar,QAT,"Air transport, freight (million ton-km)",IS.AIR.GOOD.MT.K1,12739.81097
Qatar,QAT,"PM2.5 air pollution, mean annual exposure (micrograms per cubic meter)",EN.ATM.PM25.MC.M3,76.04929303
Qatar,QAT,Population growth (annual %),SP.POP.GROW,1.453317284
Romania,ROU,CO2 emissions (metric tons per capita),EN.ATM.CO2E.PC,3.817062957
Romania,ROU,"Air transport, passengers carried",IS.AIR.PSGR,5630289
Romania,ROU,"Air transport, freight (million ton-km)",IS.AIR.GOOD.MT.K1,3.334
Romania,ROU,"PM2.5 air pollution, mean annual exposure (micrograms per cubic meter)",EN.ATM.PM25.MC.M3,15.67108952
Romania,ROU,Population growth (annual %),SP.POP.GROW,-0.526814822
Russian Federation,RUS,CO2 emissions (metric tons per capita),EN.ATM.CO2E.PC,11.79719417
Russian Federation,RUS,"Air transport, passengers carried",IS.AIR.PSGR,108857906
Russian Federation,RUS,"Air transport, freight (million ton-km)",IS.AIR.GOOD.MT.K1,6480.99978
Russian Federation,RUS,"PM2.5 air pollution, mean annual exposure (micrograms per cubic meter)",EN.ATM.PM25.MC.M3,11.59553193
Russian Federation,RUS,Population growth (annual %),SP.POP.GROW,-0.049568665
Rwanda,RWA,CO2 emissions (metric tons per capita),EN.ATM.CO2E.PC,0.113057798
Rwanda,RWA,"Air transport, passengers carried",IS.AIR.PSGR,1561562.214
Rwanda,RWA,"Air transport, freight (million ton-km)",IS.AIR.GOOD.MT.K1,0
Rwanda,RWA,"PM2.5 air pollution, mean annual exposure (micrograms per cubic meter)",EN.ATM.PM25.MC.M3,36.18491574
Rwanda,RWA,Population growth (annual %),SP.POP.GROW,2.390794366
Samoa,WSM,CO2 emissions (metric tons per capita),EN.ATM.CO2E.PC,1.315212005
Samoa,WSM,"Air transport, passengers carried",IS.AIR.PSGR,74867
Samoa,WSM,"Air transport, freight (million ton-km)",IS.AIR.GOOD.MT.K1,0
Samoa,WSM,"PM2.5 air pollution, mean annual exposure (micrograms per cubic meter)",EN.ATM.PM25.MC.M3,11.01483371
Samoa,WSM,Population growth (annual %),SP.POP.GROW,1.045535442
San Marino,SMR,CO2 emissions (metric tons per capita),EN.ATM.CO2E.PC,..
San Marino,SMR,"Air transport, passengers carried",IS.AIR.PSGR,..
San Marino,SMR,"Air transport, freight (million ton-km)",IS.AIR.GOOD.MT.K1,..
San Marino,SMR,"PM2.5 air pollution, mean annual exposure (micrograms per cubic meter)",EN.ATM.PM25.MC.M3,9.906728131
San Marino,SMR,Population growth (annual %),SP.POP.GROW,0.064389618
Sao Tome and Principe,STP,CO2 emissions (metric tons per capita),EN.ATM.CO2E.PC,0.653311525
Sao Tome and Principe,STP,"Air transport, passengers carried",IS.AIR.PSGR,41933
Sao Tome and Principe,STP,"Air transport, freight (million ton-km)",IS.AIR.GOOD.MT.K1,0.572749
Sao Tome and Principe,STP,"PM2.5 air pollution, mean annual exposure (micrograms per cubic meter)",EN.ATM.PM25.MC.M3,31.05885758
Sao Tome and Principe,STP,Population growth (annual %),SP.POP.GROW,1.528403267
Saudi Arabia,SAU,CO2 emissions (metric tons per capita),EN.ATM.CO2E.PC,14.70301665
Saudi Arabia,SAU,"Air transport, passengers carried",IS.AIR.PSGR,46181487
Saudi Arabia,SAU,"Air transport, freight (million ton-km)",IS.AIR.GOOD.MT.K1,2043.245359
Saudi Arabia,SAU,"PM2.5 air pollution, mean annual exposure (micrograms per cubic meter)",EN.ATM.PM25.MC.M3,61.50824107
Saudi Arabia,SAU,Population growth (annual %),SP.POP.GROW,2.284589011
Senegal,SEN,CO2 emissions (metric tons per capita),EN.ATM.CO2E.PC,0.768574984
Senegal,SEN,"Air transport, passengers carried",IS.AIR.PSGR,457722
Senegal,SEN,"Air transport, freight (million ton-km)",IS.AIR.GOOD.MT.K1,2.091018
Senegal,SEN,"PM2.5 air pollution, mean annual exposure (micrograms per cubic meter)",EN.ATM.PM25.MC.M3,60.21139678
Senegal,SEN,Population growth (annual %),SP.POP.GROW,2.697631159
Serbia,SRB,CO2 emissions (metric tons per capita),EN.ATM.CO2E.PC,6.627579916
Serbia,SRB,"Air transport, passengers carried",IS.AIR.PSGR,2469081
Serbia,SRB,"Air transport, freight (million ton-km)",IS.AIR.GOOD.MT.K1,13.313
Serbia,SRB,"PM2.5 air pollution, mean annual exposure (micrograms per cubic meter)",EN.ATM.PM25.MC.M3,25.35417205
Serbia,SRB,Population growth (annual %),SP.POP.GROW,-0.536610018
Seychelles,SYC,CO2 emissions (metric tons per capita),EN.ATM.CO2E.PC,6.097823303
Seychelles,SYC,"Air transport, passengers carried",IS.AIR.PSGR,414088
Seychelles,SYC,"Air transport, freight (million ton-km)",IS.AIR.GOOD.MT.K1,2.40769
Seychelles,SYC,"PM2.5 air pollution, mean annual exposure (micrograms per cubic meter)",EN.ATM.PM25.MC.M3,15.5639189
Seychelles,SYC,Population growth (annual %),SP.POP.GROW,0.887925293
Sierra Leone,SLE,CO2 emissions (metric tons per capita),EN.ATM.CO2E.PC,0.129094346
Sierra Leone,SLE,"Air transport, passengers carried",IS.AIR.PSGR,..
Sierra Leone,SLE,"Air transport, freight (million ton-km)",IS.AIR.GOOD.MT.K1,..
Sierra Leone,SLE,"PM2.5 air pollution, mean annual exposure (micrograms per cubic meter)",EN.ATM.PM25.MC.M3,51.09606544
Sierra Leone,SLE,Population growth (annual %),SP.POP.GROW,2.332840625
Singapore,SGP,CO2 emissions (metric tons per capita),EN.ATM.CO2E.PC,7.918410385
Singapore,SGP,"Air transport, passengers carried",IS.AIR.PSGR,43050722
Singapore,SGP,"Air transport, freight (million ton-km)",IS.AIR.GOOD.MT.K1,6411.989828
Singapore,SGP,"PM2.5 air pollution, mean annual exposure (micrograms per cubic meter)",EN.ATM.PM25.MC.M3,18.76588248
Singapore,SGP,Population growth (annual %),SP.POP.GROW,1.144283307
Sint Maarten (Dutch part),SXM,CO2 emissions (metric tons per capita),EN.ATM.CO2E.PC,..
Sint Maarten (Dutch part),SXM,"Air transport, passengers carried",IS.AIR.PSGR,..
Sint Maarten (Dutch part),SXM,"Air transport, freight (million ton-km)",IS.AIR.GOOD.MT.K1,..
Sint Maarten (Dutch part),SXM,"PM2.5 air pollution, mean annual exposure (micrograms per cubic meter)",EN.ATM.PM25.MC.M3,..
Sint Maarten (Dutch part),SXM,Population growth (annual %),SP.POP.GROW,1.728465028
Slovak Republic,SVK,CO2 emissions (metric tons per capita),EN.ATM.CO2E.PC,5.6897073
Slovak Republic,SVK,"Air transport, passengers carried",IS.AIR.PSGR,..
Slovak Republic,SVK,"Air transport, freight (million ton-km)",IS.AIR.GOOD.MT.K1,0
Slovak Republic,SVK,"PM2.5 air pollution, mean annual exposure (micrograms per cubic meter)",EN.ATM.PM25.MC.M3,18.36521464
Slovak Republic,SVK,Population growth (annual %),SP.POP.GROW,0.135328073
Slovenia,SVN,CO2 emissions (metric tons per capita),EN.ATM.CO2E.PC,6.543333724
Slovenia,SVN,"Air transport, passengers carried",IS.AIR.PSGR,869640.1
Slovenia,SVN,"Air transport, freight (million ton-km)",IS.AIR.GOOD.MT.K1,0.35950656
Slovenia,SVN,"PM2.5 air pollution, mean annual exposure (micrograms per cubic meter)",EN.ATM.PM25.MC.M3,16.96940443
Slovenia,SVN,Population growth (annual %),SP.POP.GROW,0.696304046
Solomon Islands,SLB,CO2 emissions (metric tons per capita),EN.ATM.CO2E.PC,0.451560238
Solomon Islands,SLB,"Air transport, passengers carried",IS.AIR.PSGR,229670.648
Solomon Islands,SLB,"Air transport, freight (million ton-km)",IS.AIR.GOOD.MT.K1,0
Solomon Islands,SLB,"PM2.5 air pollution, mean annual exposure (micrograms per cubic meter)",EN.ATM.PM25.MC.M3,12.89495904
Solomon Islands,SLB,Population growth (annual %),SP.POP.GROW,2.360101209
Somalia,SOM,CO2 emissions (metric tons per capita),EN.ATM.CO2E.PC,0.041029203
Somalia,SOM,"Air transport, passengers carried",IS.AIR.PSGR,34065.55685
Somalia,SOM,"Air transport, freight (million ton-km)",IS.AIR.GOOD.MT.K1,0
Somalia,SOM,"PM2.5 air pollution, mean annual exposure (micrograms per cubic meter)",EN.ATM.PM25.MC.M3,30.36142727
Somalia,SOM,Population growth (annual %),SP.POP.GROW,3.633164904
South Africa,ZAF,CO2 emissions (metric tons per capita),EN.ATM.CO2E.PC,7.688907623
South Africa,ZAF,"Air transport, passengers carried",IS.AIR.PSGR,26211258
South Africa,ZAF,"Air transport, freight (million ton-km)",IS.AIR.GOOD.MT.K1,565.20947
South Africa,ZAF,"PM2.5 air pollution, mean annual exposure (micrograms per cubic meter)",EN.ATM.PM25.MC.M3,28.67475434
South Africa,ZAF,Population growth (annual %),SP.POP.GROW,1.295073863
South Sudan,SSD,CO2 emissions (metric tons per capita),EN.ATM.CO2E.PC,0.174641877
South Sudan,SSD,"Air transport, passengers carried",IS.AIR.PSGR,..
South Sudan,SSD,"Air transport, freight (million ton-km)",IS.AIR.GOOD.MT.K1,..
South Sudan,SSD,"PM2.5 air pollution, mean annual exposure (micrograms per cubic meter)",EN.ATM.PM25.MC.M3,37.55277786
South Sudan,SSD,Population growth (annual %),SP.POP.GROW,0.502203354
Spain,ESP,CO2 emissions (metric tons per capita),EN.ATM.CO2E.PC,5.131798801
Spain,ESP,"Air transport, passengers carried",IS.AIR.PSGR,88237165.27
Spain,ESP,"Air transport, freight (million ton-km)",IS.AIR.GOOD.MT.K1,1191.466578
Spain,ESP,"PM2.5 air pollution, mean annual exposure (micrograms per cubic meter)",EN.ATM.PM25.MC.M3,9.728788477
Spain,ESP,Population growth (annual %),SP.POP.GROW,0.717715637
Sri Lanka,LKA,CO2 emissions (metric tons per capita),EN.ATM.CO2E.PC,1.074526441
Sri Lanka,LKA,"Air transport, passengers carried",IS.AIR.PSGR,5582446
Sri Lanka,LKA,"Air transport, freight (million ton-km)",IS.AIR.GOOD.MT.K1,394.05
Sri Lanka,LKA,"PM2.5 air pollution, mean annual exposure (micrograms per cubic meter)",EN.ATM.PM25.MC.M3,19.96439581
Sri Lanka,LKA,Population growth (annual %),SP.POP.GROW,0.611875946
St. Kitts and Nevis,KNA,CO2 emissions (metric tons per capita),EN.ATM.CO2E.PC,5.187374245
St. Kitts and Nevis,KNA,"Air transport, passengers carried",IS.AIR.PSGR,..
St. Kitts and Nevis,KNA,"Air transport, freight (million ton-km)",IS.AIR.GOOD.MT.K1,..
St. Kitts and Nevis,KNA,"PM2.5 air pollution, mean annual exposure (micrograms per cubic meter)",EN.ATM.PM25.MC.M3,8.789142812
St. Kitts and Nevis,KNA,Population growth (annual %),SP.POP.GROW,-0.102646831
St. Lucia,LCA,CO2 emissions (metric tons per capita),EN.ATM.CO2E.PC,2.993566017
St. Lucia,LCA,"Air transport, passengers carried",IS.AIR.PSGR,..
St. Lucia,LCA,"Air transport, freight (million ton-km)",IS.AIR.GOOD.MT.K1,..
St. Lucia,LCA,"PM2.5 air pollution, mean annual exposure (micrograms per cubic meter)",EN.ATM.PM25.MC.M3,21.22131742
St. Lucia,LCA,Population growth (annual %),SP.POP.GROW,0.389934037
St. Martin (French part),MAF,CO2 emissions (metric tons per capita),EN.ATM.CO2E.PC,..
St. Martin (French part),MAF,"Air transport, passengers carried",IS.AIR.PSGR,..
St. Martin (French part),MAF,"Air transport, freight (million ton-km)",IS.AIR.GOOD.MT.K1,..
St. Martin (French part),MAF,"PM2.5 air pollution, mean annual exposure (micrograms per cubic meter)",EN.ATM.PM25.MC.M3,..
St. Martin (French part),MAF,Population growth (annual %),SP.POP.GROW,-2.183055951
St. Vincent and the Grenadines,VCT,CO2 emissions (metric tons per capita),EN.ATM.CO2E.PC,2.240669437
St. Vincent and the Grenadines,VCT,"Air transport, passengers carried",IS.AIR.PSGR,..
St. Vincent and the Grenadines,VCT,"Air transport, freight (million ton-km)",IS.AIR.GOOD.MT.K1,..
St. Vincent and the Grenadines,VCT,"PM2.5 air pollution, mean annual exposure (micrograms per cubic meter)",EN.ATM.PM25.MC.M3,21.12973864
St. Vincent and the Grenadines,VCT,Population growth (annual %),SP.POP.GROW,-0.339668746
Sudan,SDN,CO2 emissions (metric tons per capita),EN.ATM.CO2E.PC,0.511922937
Sudan,SDN,"Air transport, passengers carried",IS.AIR.PSGR,530001
Sudan,SDN,"Air transport, freight (million ton-km)",IS.AIR.GOOD.MT.K1,0.0755
Sudan,SDN,"PM2.5 air pollution, mean annual exposure (micrograms per cubic meter)",EN.ATM.PM25.MC.M3,54.67729786
Sudan,SDN,Population growth (annual %),SP.POP.GROW,2.893589969
Suriname,SUR,CO2 emissions (metric tons per capita),EN.ATM.CO2E.PC,4.42581305
Suriname,SUR,"Air transport, passengers carried",IS.AIR.PSGR,236601
Suriname,SUR,"Air transport, freight (million ton-km)",IS.AIR.GOOD.MT.K1,32.227
Suriname,SUR,"PM2.5 air pollution, mean annual exposure (micrograms per cubic meter)",EN.ATM.PM25.MC.M3,21.17742119
Suriname,SUR,Population growth (annual %),SP.POP.GROW,1.103178985
Sweden,SWE,CO2 emissions (metric tons per capita),EN.ATM.CO2E.PC,3.401593966
Sweden,SWE,"Air transport, passengers carried",IS.AIR.PSGR,50957868.6
Sweden,SWE,"Air transport, freight (million ton-km)",IS.AIR.GOOD.MT.K1,985.6556717
Sweden,SWE,"PM2.5 air pollution, mean annual exposure (micrograms per cubic meter)",EN.ATM.PM25.MC.M3,5.647572855
Sweden,SWE,Population growth (annual %),SP.POP.GROW,1.013722263
Switzerland,CHE,CO2 emissions (metric tons per capita),EN.ATM.CO2E.PC,4.358609865
Switzerland,CHE,"Air transport, passengers carried",IS.AIR.PSGR,30339654
Switzerland,CHE,"Air transport, freight (million ton-km)",IS.AIR.GOOD.MT.K1,1640.735
Switzerland,CHE,"PM2.5 air pollution, mean annual exposure (micrograms per cubic meter)",EN.ATM.PM25.MC.M3,9.902709701
Switzerland,CHE,Population growth (annual %),SP.POP.GROW,0.713313668
Syrian Arab Republic,SYR,CO2 emissions (metric tons per capita),EN.ATM.CO2E.PC,1.335459488
Syrian Arab Republic,SYR,"Air transport, passengers carried",IS.AIR.PSGR,18456.64505
Syrian Arab Republic,SYR,"Air transport, freight (million ton-km)",IS.AIR.GOOD.MT.K1,0.024356691
Syrian Arab Republic,SYR,"PM2.5 air pollution, mean annual exposure (micrograms per cubic meter)",EN.ATM.PM25.MC.M3,30.95362503
Syrian Arab Republic,SYR,Population growth (annual %),SP.POP.GROW,3.87953676
Tajikistan,TJK,CO2 emissions (metric tons per capita),EN.ATM.CO2E.PC,0.960233171
Tajikistan,TJK,"Air transport, passengers carried",IS.AIR.PSGR,539094.616
Tajikistan,TJK,"Air transport, freight (million ton-km)",IS.AIR.GOOD.MT.K1,2.506005423
Tajikistan,TJK,"PM2.5 air pollution, mean annual exposure (micrograms per cubic meter)",EN.ATM.PM25.MC.M3,38.31858602
Tajikistan,TJK,Population growth (annual %),SP.POP.GROW,2.262424935
Tanzania,TZA,CO2 emissions (metric tons per capita),EN.ATM.CO2E.PC,0.249877327
Tanzania,TZA,"Air transport, passengers carried",IS.AIR.PSGR,1498093
Tanzania,TZA,"Air transport, freight (million ton-km)",IS.AIR.GOOD.MT.K1,0.962933
Tanzania,TZA,"PM2.5 air pollution, mean annual exposure (micrograms per cubic meter)",EN.ATM.PM25.MC.M3,24.74048013
Tanzania,TZA,Population growth (annual %),SP.POP.GROW,3.02174626
Thailand,THA,CO2 emissions (metric tons per capita),EN.ATM.CO2E.PC,3.849043757
Thailand,THA,"Air transport, passengers carried",IS.AIR.PSGR,76344410
Thailand,THA,"Air transport, freight (million ton-km)",IS.AIR.GOOD.MT.K1,2327.667095
Thailand,THA,"PM2.5 air pollution, mean annual exposure (micrograms per cubic meter)",EN.ATM.PM25.MC.M3,27.40271356
Thailand,THA,Population growth (annual %),SP.POP.GROW,0.252691237
Timor-Leste,TLS,CO2 emissions (metric tons per capita),EN.ATM.CO2E.PC,0.482334951
Timor-Leste,TLS,"Air transport, passengers carried",IS.AIR.PSGR,..
Timor-Leste,TLS,"Air transport, freight (million ton-km)",IS.AIR.GOOD.MT.K1,..
Timor-Leste,TLS,"PM2.5 air pollution, mean annual exposure (micrograms per cubic meter)",EN.ATM.PM25.MC.M3,15.65130893
Timor-Leste,TLS,Population growth (annual %),SP.POP.GROW,1.462727124
Togo,TGO,CO2 emissions (metric tons per capita),EN.ATM.CO2E.PC,0.296284381
Togo,TGO,"Air transport, passengers carried",IS.AIR.PSGR,633629
Togo,TGO,"Air transport, freight (million ton-km)",IS.AIR.GOOD.MT.K1,14.624076
Togo,TGO,"PM2.5 air pollution, mean annual exposure (micrograms per cubic meter)",EN.ATM.PM25.MC.M3,46.21037553
Togo,TGO,Population growth (annual %),SP.POP.GROW,2.411629916
Tonga,TON,CO2 emissions (metric tons per capita),EN.ATM.CO2E.PC,1.538813351
Tonga,TON,"Air transport, passengers carried",IS.AIR.PSGR,..
Tonga,TON,"Air transport, freight (million ton-km)",IS.AIR.GOOD.MT.K1,..
Tonga,TON,"PM2.5 air pollution, mean annual exposure (micrograms per cubic meter)",EN.ATM.PM25.MC.M3,10.58622123
Tonga,TON,Population growth (annual %),SP.POP.GROW,-0.189432758
Trinidad and Tobago,TTO,CO2 emissions (metric tons per capita),EN.ATM.CO2E.PC,11.31303229
Trinidad and Tobago,TTO,"Air transport, passengers carried",IS.AIR.PSGR,2583595
Trinidad and Tobago,TTO,"Air transport, freight (million ton-km)",IS.AIR.GOOD.MT.K1,47.338148
Trinidad and Tobago,TTO,"PM2.5 air pollution, mean annual exposure (micrograms per cubic meter)",EN.ATM.PM25.MC.M3,21.97072547
Trinidad and Tobago,TTO,Population growth (annual %),SP.POP.GROW,1.008120513
Tunisia,TUN,CO2 emissions (metric tons per capita),EN.ATM.CO2E.PC,2.576495226
Tunisia,TUN,"Air transport, passengers carried",IS.AIR.PSGR,4335325
Tunisia,TUN,"Air transport, freight (million ton-km)",IS.AIR.GOOD.MT.K1,13.092473
Tunisia,TUN,"PM2.5 air pollution, mean annual exposure (micrograms per cubic meter)",EN.ATM.PM25.MC.M3,30.42981942
Tunisia,TUN,Population growth (annual %),SP.POP.GROW,0.969662162
Turkiye,TUR,CO2 emissions (metric tons per capita),EN.ATM.CO2E.PC,4.828961059
Turkiye,TUR,"Air transport, passengers carried",IS.AIR.PSGR,111131475
Turkiye,TUR,"Air transport, freight (million ton-km)",IS.AIR.GOOD.MT.K1,6815.50975
Turkiye,TUR,"PM2.5 air pollution, mean annual exposure (micrograms per cubic meter)",EN.ATM.PM25.MC.M3,26.03180162
Turkiye,TUR,Population growth (annual %),SP.POP.GROW,1.429696881
Turkmenistan,TKM,CO2 emissions (metric tons per capita),EN.ATM.CO2E.PC,10.26753615
Turkmenistan,TKM,"Air transport, passengers carried",IS.AIR.PSGR,2081424.32
Turkmenistan,TKM,"Air transport, freight (million ton-km)",IS.AIR.GOOD.MT.K1,16.55784
Turkmenistan,TKM,"PM2.5 air pollution, mean annual exposure (micrograms per cubic meter)",EN.ATM.PM25.MC.M3,26.19766251
Turkmenistan,TKM,Population growth (annual %),SP.POP.GROW,1.527482669
Turks and Caicos Islands,TCA,CO2 emissions (metric tons per capita),EN.ATM.CO2E.PC,..
Turks and Caicos Islands,TCA,"Air transport, passengers carried",IS.AIR.PSGR,..
Turks and Caicos Islands,TCA,"Air transport, freight (million ton-km)",IS.AIR.GOOD.MT.K1,..
Turks and Caicos Islands,TCA,"PM2.5 air pollution, mean annual exposure (micrograms per cubic meter)",EN.ATM.PM25.MC.M3,..
Turks and Caicos Islands,TCA,Population growth (annual %),SP.POP.GROW,3.767872714
Tuvalu,TUV,CO2 emissions (metric tons per capita),EN.ATM.CO2E.PC,0.81234027
Tuvalu,TUV,"Air transport, passengers carried",IS.AIR.PSGR,..
Tuvalu,TUV,"Air transport, freight (million ton-km)",IS.AIR.GOOD.MT.K1,..
Tuvalu,TUV,"PM2.5 air pollution, mean annual exposure (micrograms per cubic meter)",EN.ATM.PM25.MC.M3,6.02840838
Tuvalu,TUV,Population growth (annual %),SP.POP.GROW,0.834063769
Uganda,UGA,CO2 emissions (metric tons per capita),EN.ATM.CO2E.PC,0.138373162
Uganda,UGA,"Air transport, passengers carried",IS.AIR.PSGR,19822.5
Uganda,UGA,"Air transport, freight (million ton-km)",IS.AIR.GOOD.MT.K1,0.055324647
Uganda,UGA,"PM2.5 air pollution, mean annual exposure (micrograms per cubic meter)",EN.ATM.PM25.MC.M3,35.21822646
Uganda,UGA,Population growth (annual %),SP.POP.GROW,3.395090564
Ukraine,UKR,CO2 emissions (metric tons per capita),EN.ATM.CO2E.PC,3.933652536
Ukraine,UKR,"Air transport, passengers carried",IS.AIR.PSGR,7604522.332
Ukraine,UKR,"Air transport, freight (million ton-km)",IS.AIR.GOOD.MT.K1,75.617661
Ukraine,UKR,"PM2.5 air pollution, mean annual exposure (micrograms per cubic meter)",EN.ATM.PM25.MC.M3,14.53144476
Ukraine,UKR,Population growth (annual %),SP.POP.GROW,-0.53099416
United Arab Emirates,ARE,CO2 emissions (metric tons per capita),EN.ATM.CO2E.PC,20.15334483
United Arab Emirates,ARE,"Air transport, passengers carried",IS.AIR.PSGR,93995208.09
United Arab Emirates,ARE,"Air transport, freight (million ton-km)",IS.AIR.GOOD.MT.K1,14765.59958
United Arab Emirates,ARE,"PM2.5 air pollution, mean annual exposure (micrograms per cubic meter)",EN.ATM.PM25.MC.M3,43.66702552
United Arab Emirates,ARE,Population growth (annual %),SP.POP.GROW,0.779087177
United Kingdom,GBR,CO2 emissions (metric tons per capita),EN.ATM.CO2E.PC,5.175842473
United Kingdom,GBR,"Air transport, passengers carried",IS.AIR.PSGR,142392528
United Kingdom,GBR,"Air transport, freight (million ton-km)",IS.AIR.GOOD.MT.K1,5851.19
United Kingdom,GBR,"PM2.5 air pollution, mean annual exposure (micrograms per cubic meter)",EN.ATM.PM25.MC.M3,10.09284402
United Kingdom,GBR,Population growth (annual %),SP.POP.GROW,0.564131113
United States,USA,CO2 emissions (metric tons per capita),EN.ATM.CO2E.PC,14.67338071
United States,USA,"Air transport, passengers carried",IS.AIR.PSGR,926737000
United States,USA,"Air transport, freight (million ton-km)",IS.AIR.GOOD.MT.K1,42498.26266
United States,USA,"PM2.5 air pollution, mean annual exposure (micrograms per cubic meter)",EN.ATM.PM25.MC.M3,7.663692516
United States,USA,Population growth (annual %),SP.POP.GROW,0.455381286
Uruguay,URY,CO2 emissions (metric tons per capita),EN.ATM.CO2E.PC,1.985381557
Uruguay,URY,"Air transport, passengers carried",IS.AIR.PSGR,..
Uruguay,URY,"Air transport, freight (million ton-km)",IS.AIR.GOOD.MT.K1,..
Uruguay,URY,"PM2.5 air pollution, mean annual exposure (micrograms per cubic meter)",EN.ATM.PM25.MC.M3,9.533862914
Uruguay,URY,Population growth (annual %),SP.POP.GROW,0.039880674
Uzbekistan,UZB,CO2 emissions (metric tons per capita),EN.ATM.CO2E.PC,3.504662697
Uzbekistan,UZB,"Air transport, passengers carried",IS.AIR.PSGR,3685192
Uzbekistan,UZB,"Air transport, freight (million ton-km)",IS.AIR.GOOD.MT.K1,70.49835
Uzbekistan,UZB,"PM2.5 air pollution, mean annual exposure (micrograms per cubic meter)",EN.ATM.PM25.MC.M3,34.78609557
Uzbekistan,UZB,Population growth (annual %),SP.POP.GROW,1.876470167
Vanuatu,VUT,CO2 emissions (metric tons per capita),EN.ATM.CO2E.PC,0.548284517
Vanuatu,VUT,"Air transport, passengers carried",IS.AIR.PSGR,466865.0531
Vanuatu,VUT,"Air transport, freight (million ton-km)",IS.AIR.GOOD.MT.K1,2.109910736
Vanuatu,VUT,"PM2.5 air pollution, mean annual exposure (micrograms per cubic meter)",EN.ATM.PM25.MC.M3,12.88296752
Vanuatu,VUT,Population growth (annual %),SP.POP.GROW,2.362076374
"Venezuela, RB",VEN,CO2 emissions (metric tons per capita),EN.ATM.CO2E.PC,3.71059907
"Venezuela, RB",VEN,"Air transport, passengers carried",IS.AIR.PSGR,1516839
"Venezuela, RB",VEN,"Air transport, freight (million ton-km)",IS.AIR.GOOD.MT.K1,0.183573
"Venezuela, RB",VEN,"PM2.5 air pollution, mean annual exposure (micrograms per cubic meter)",EN.ATM.PM25.MC.M3,21.74698878
"Venezuela, RB",VEN,Population growth (annual %),SP.POP.GROW,-2.904995745
Viet Nam,VNM,CO2 emissions (metric tons per capita),EN.ATM.CO2E.PC,3.567848369
Viet Nam,VNM,"Air transport, passengers carried",IS.AIR.PSGR,53227026
Viet Nam,VNM,"Air transport, freight (million ton-km)",IS.AIR.GOOD.MT.K1,1022.84225
Viet Nam,VNM,"PM2.5 air pollution, mean annual exposure (micrograms per cubic meter)",EN.ATM.PM25.MC.M3,20.3898157
Viet Nam,VNM,Population growth (annual %),SP.POP.GROW,0.904491215
Virgin Islands (U.S.),VIR,CO2 emissions (metric tons per capita),EN.ATM.CO2E.PC,..
Virgin Islands (U.S.),VIR,"Air transport, passengers carried",IS.AIR.PSGR,..
Virgin Islands (U.S.),VIR,"Air transport, freight (million ton-km)",IS.AIR.GOOD.MT.K1,..
Virgin Islands (U.S.),VIR,"PM2.5 air pollution, mean annual exposure (micrograms per cubic meter)",EN.ATM.PM25.MC.M3,8.996021018
Virgin Islands (U.S.),VIR,Population growth (annual %),SP.POP.GROW,-0.310759833
West Bank and Gaza,PSE,CO2 emissions (metric tons per capita),EN.ATM.CO2E.PC,..
West Bank and Gaza,PSE,"Air transport, passengers carried",IS.AIR.PSGR,..
West Bank and Gaza,PSE,"Air transport, freight (million ton-km)",IS.AIR.GOOD.MT.K1,..
West Bank and Gaza,PSE,"PM2.5 air pollution, mean annual exposure (micrograms per cubic meter)",EN.ATM.PM25.MC.M3,31.30254529
West Bank and Gaza,PSE,Population growth (annual %),SP.POP.GROW,2.511782463
"Yemen, Rep.",YEM,CO2 emissions (metric tons per capita),EN.ATM.CO2E.PC,0.354864477
"Yemen, Rep.",YEM,"Air transport, passengers carried",IS.AIR.PSGR,..
"Yemen, Rep.",YEM,"Air transport, freight (million ton-km)",IS.AIR.GOOD.MT.K1,0
"Yemen, Rep.",YEM,"PM2.5 air pollution, mean annual exposure (micrograms per cubic meter)",EN.ATM.PM25.MC.M3,44.46696713
"Yemen, Rep.",YEM,Population growth (annual %),SP.POP.GROW,2.426207929
Zambia,ZMB,CO2 emissions (metric tons per capita),EN.ATM.CO2E.PC,0.414336364
Zambia,ZMB,"Air transport, passengers carried",IS.AIR.PSGR,17505.68964
Zambia,ZMB,"Air transport, freight (million ton-km)",IS.AIR.GOOD.MT.K1,79.335
Zambia,ZMB,"PM2.5 air pollution, mean annual exposure (micrograms per cubic meter)",EN.ATM.PM25.MC.M3,25.92546019
Zambia,ZMB,Population growth (annual %),SP.POP.GROW,3.007618107
Zimbabwe,ZWE,CO2 emissions (metric tons per capita),EN.ATM.CO2E.PC,0.663338328
Zimbabwe,ZWE,"Air transport, passengers carried",IS.AIR.PSGR,..
Zimbabwe,ZWE,"Air transport, freight (million ton-km)",IS.AIR.GOOD.MT.K1,0
Zimbabwe,ZWE,"PM2.5 air pollution, mean annual exposure (micrograms per cubic meter)",EN.ATM.PM25.MC.M3,20.83469969
Zimbabwe,ZWE,Population growth (annual %),SP.POP.GROW,1.989252748
,,,,
,,,,
,,,,
Data from database: World Development Indicators,,,,
Last Updated: 03/28/2024,,,,
